F,E,C,C,B,E,F,G,G,C,C,F,F,B,F,G,D,F,B,G,C,G,B,C,E,D
yellow
F,F,G,D,C,E,B,B,C,E,G,B,B,D,F,D,C,E,F,E
yellow
B,G,C,G,G,G,E,A,F,B,F,D,F,A,E,E,F
red
A,E,E,E,F,B,C,G,B,E,B,C,B,A,G,D,A,F,C,A,F,G,G,C,E,F,D,C,A
red
E,B,F,B,C,E,F,E,G,B,D
red
F,F,B,G,F,D,B,G,E,A,F,B,B,D,D,B,G,A,C,F,B,A,C,A
yellow
A,B,A,C,F,E,G,G,A,G,G,F,A
red
A,A,C,D,D,F,B,E,C,G
yellow
C,C,E,E,B,G,A,G,A,C,B,C,B,A,G,F,C,D,A,D,D,B,A,B,D,E,F,D,D,C,E,E,E,G,B,A,F,F,G,G,F,F
draw
G,D,D,D,C,B,B,A,C,F,A
red
C,A,G,B,D,C,F,C,A,B,D,F,D,D
yellow
F,E,G,D,D,A,F,F,B,B,C,E,B,E,A,B,F,A,D,F,B,A,A,D,B,D,D,E
yellow
F,A,E,D,F,E,D,B,A,D,G,B,C,A,A,C,A,D,A,B,D,B
yellow
C,D,B,D,F,E,G,B,G,A,D,F,A,G,G,E,A,A,F,A,F,C
yellow
D,D,E,G,F,D,G,F,E,B,B,C,C,C,F,F,F,E
yellow
B,E,F,C,G,B,F,D,E,D,A,B,A,A,G,F,D,E,G,B,B,A,B,E,C,F
yellow
B,B,F,B,C,G,A,D,E,B,C,A,A,C,C,G,F,E,D,B
yellow
B,F,D,C,G,C,E,A,G,D,F,E,D,F,D,D,C,G,A,F,E
red
F,C,C,B,B,D,F,C,B,G,D,E
yellow
G,E,B,B,E,D,E,D,E,C,E
red
D,G,A,D,F,D,B,F,A,F,G,E,A,E,F,B,F,D,D,G,F,C,A
red
A,F,C,E,E,G,E,B,E,B,A,F,D,D,C,B,C,E,A,A,C
red
A,G,E,G,B,C,C,A,A,B,D,C,G,G,F,C,F,A,G,C,A,F,F,B,B,D,F,B,A,D,B,G,E,E
yellow
D,A,A,C,E,A,D,D,D,G,D,D,A,B,G,C,G,C,C,A,B,E,B
red
B,E,E,A,B,D,A,F,F,G
yellow
F,G,D,A,D,B,E,D,B,C,C,E,B,B,B,B,C,G,G,C,G,A,G,F,F,G,E,F,A,C,A
red
G,C,E,A,D,G,G,F,A,G,B,A,G,E,G,C,E,F,C,C,A,D
yellow
G,G,F,D,C,E,B,C,G,A,B,E,C,F,G,F,F,A,G,A,G
red
G,D,F,F,A,D,A,B,B,E,F,E,G,C
yellow
G,B,F,C,E,E,A,E,F,F,A,A,F,A,E,G,A,A,C,B,F,G,E,C,G,B,F,B
yellow
G,E,G,A,G,F,B,B,C,F,A,C,E,B,D,D,F,C,F,B
yellow
D,D,D,F,G,F,D,G,E,G,D,G,D
red
C,E,D,E,F,F,C,C,E,F,B,D,G,B,A
red
G,E,G,E,B,B,B,G,E,C,E,F,G,F,D,B,B,F,G,A,C,E,C,A,G,F
yellow
D,D,B,G,C,B,F,D,G,B,C,F,A
red
D,B,E,F,C,A,C,E,C,E,G,A,D,E,F,F,B,B,F,G,B
red
E,C,A,B,G,E,F,D,F,G,D,G,D,B,G,B,D,E,F,B
yellow
B,B,G,D,A,G,E,D,E,D,B,F,G,B,G,A,A,E,G,A,D,D,E,F,G
red
D,A,F,B,A,F,G,A,E
red
G,A,C,F,G,E,E,F,A,F,C,A,G,G,C,B,A,D,A,E,C
red
G,E,G,F,G,G,C,C,B,A,E,B,A,A,B,A,G,F,B,G,D,E,D,F,A,E,F,C,F,E,C,B,E,C,D,C,D
red
A,D,C,F,C,B,F,A,F,D,G,E,D,B,G,A,G,G,B,B,C,G,F,G,D,C,C,D,A,E,E
red
E,G,D,C,B,E,B,G,F,D,E,B,F,E,G,A,G,C,C,A,F,B,G,B,D
red
B,B,F,C,F,F,B,D,B,E,A,G,A,B,A,F,A
red
G,B,B,A,F,C,G,D
yellow
D,C,F,F,E,F,G
red
C,D,E,F,A,C,A,E,E,F,C,F,D,F
yellow
D,G,E,B,E,E,A,A,B,D,D,F,B,E,G,C,E,B,A,G,E,A,D,G,G,D,G,F,B,C,A,A,D,B,C
red
B,B,G,G,D,F,B,A,G,E,G,F,B,F,C,C,E,G,B,G,E,A,B
red
A,A,D,E,C,C,F,A,A,B,D,E,A,A,E,G,C,E,B,C,C,E,F,B,D,D,G,F,E,D
yellow
F,E,B,F,D,F,D,E,G,C,C,A,E,D,G,E,A,A,G,E,G
red
E,F,F,F,A,E,D,C,G,D,F,B,B,D,E,D,D,B,D,B,C,F,G,F,B,B,G,G,A,E,G,G
yellow
G,A,C,E,C,D,B,B,D,D,F,E,E,F,G,A,D,A,A,E,G,F,C,D,A,A,C
red
F,B,D,B,B,B,F,A,G,B,D,G,E
red
B,D,C,A,B,E,C,C,A,A,G,E,G,C,C,G,C,B,E,E,D
red
E,B,A,F,C,A,E,D,C,F,F,A,C,B,G,C,A,C,C,F,B,E,D,G,F,D,E,F,G,G,D,E,B
red
G,A,A,B,B,C,C,E,G,D
yellow
D,A,G,C,B,G,F,E,F,A,G,C,C,E,E,F,E,A,A,G,E,C,G,D,D,G,A,C,E
red
C,D,E,A,B,F,A,B,F,F,G,C,F,C,C,F,C,B,F,G,A,C,A,E,B,D
yellow
A,G,G,F,E,C,C,E,A,A,F,B,E,C,B,E,A,G,B,A,F,B,B,B,F,D,A,E,G,G,F
red
D,E,A,E,F,G,E,A,B,D,E,E,F,B,B,D,E,A,A,F,G,A,G,F,D,D,D,C,G,C
yellow
E,C,C,A,C,C,E,B,D,B,B,C,G,B,C,A,E,E,D,G,A,D,B,A,B,F,G,G,E,G,A,A,F
red
G,F,G,B,G,D,B,B,E,G,B,F,G,G,A,F,F,E
yellow
E,F,E,D,G,B,A,E,C,E,C,A,D,A,F
red
A,C,C,C,E,C,A,G,F,G,A,C,A
red
A,E,G,A,A,A,C,A,B,A,E,C,B,E,G,G,B,G,F,G,C,F,G,D,B
red
G,F,C,E,C,B,F,G,G,D,E,F,B,A,C,B,F,G,F,C,D
red
B,A,C,F,D,D,F,F,F,G,D,B,C,A,E
red
G,A,C,G,D,D,E,C,B
red
C,C,B,F,E,A,F,E,E,D,D,G,B,F,F
red
E,C,B,F,A,B,F,G,D,D,G,D,E,F,A,C,G,E,G,G,F,A,G,B,B,B,B,E,E,A,A,D,F,F,E,A,C,C
yellow
A,A,A,F,E,A,G,A,A,F,E,C,C,E,E,E,G,E,D,B,D,F,G,C,D,B,F,F,D
red
D,A,B,B,A,G,B,D,G,F,B,F,G,B,G,D,D,D,E,G,C
red
E,C,B,C,C,D,A,B,C,G,G,E,A,G,F,B,B,B,D
red
G,F,E,D,F,B,E,A,A,C
yellow
B,A,G,A,F,B,B,F,F,E,F,E,A,D,D,A,E,B,B,F,B,F,A,E,E,G,D,G,G,G,A,D,D,E,G,D,C
red
G,B,D,G,F,E,F,C,F,G,B,B,D,F,A,A,B,E,C,G,D,G
yellow
F,D,B,G,F,B,A,F,B,G,F,D,C,B,A,G,F,E,A,F,B,A,B,G
yellow
F,E,D,G,G,G,G,F,D,G,B,A,F,D,E
red
F,A,F,F,B,E,C,G,D,B,B,F,D,F,G,B,E
red
D,B,A,F,B,C,C,C,D,E,B,B,A
red
F,A,C,G,G,F,E,A,B,C,C,B,G,G,F,A,C,C,F,F,D
red
G,D,C,F,F,D,A,D,B,C,G,B,E,G,B,G,D,A
yellow
A,C,C,E,G,A,A,D,B,D,B,B,F,E,D,E,F,D,F,E
yellow
A,E,F,G,G,D,F,F,E,D,B,B,C,F,G,A,G,F,E,B,B,G,A,G,C,B,B,D,C,C,F,E
yellow
F,A,C,F,E,F,D
red
B,C,F,B,F,C,E,B,F,E,G,C,F
red
C,D,C,A,F,C,B,D,E,G,E,C,C,G,D,A,A,G,D,C,B,G
yellow
E,E,B,A,C,G,B,A,C,F,E,E,D
red
B,F,B,C,F,A,F,E,B,B,C,F,E,F,F,A,G,G,G,A,C,C,A,G,D
red
A,C,F,C,F,E,F,C,C,C,G,D,E,E,E,E,D,D,A,G,G,F,B,B,E,D
yellow
C,G,B,F,G,G,E,G,D
red
E,F,F,C,A,D,G,F,C,F,A,D,D,G,C,C,C,C,A,F,D,F
yellow
D,G,A,C,G,B,A,D,B,E,B,D,G,A,D,F,B,C,F,E,A,F,B
red
F,A,D,G,B,E,G,F,F,C,D,G,A,C,G,D,A,E,G,C,C,E,A,G,C,F,E,E,A
red
D,E,B,B,E,E,B,A,D,B,B,A,B,A,C,D,G,C,A,G,E,G,C,A,F,F,E,A,D,G,G,E,D,F
yellow
B,C,E,B,E,G,G,E,D,F,A,D,A,A,B,E,A,B,B,B,C
red
F,A,F,G,D,B,G,A,F,C,G,B,B,D,B,C
yellow
E,A,A,B,E,E,D,C,B,A,D,G,A,D,E,F,C
red
E,B,F,D,A,E,E,A,D,F,B,A,E,G,E,E,A,F,A,D,G,F,A,B,B,G,B,B,F,D,G,G,F,G,D,C,C,C
yellow
B,G,F,A,B,C,C,D,C,B,D,E,B,C,C,B,A
red
F,D,A,B,C,A,G,A,B,G,A,F,G,F,A,B,G,C,D,F,E,D,B,A,D,D,D,E,G,B,F,G,F,E,C
red
E,G,G,G,F,D,D,E,B,A,F,G,A,A,E,G,F,F,G,A,B,B,F,C,F,E,C
red
C,F,D,B,B,F,C,E,A,C,D,E,B,E,F,G,G,E
yellow
A,E,C,G,E,E,E,B,A,E,B,A,F,G,D,B,E,B,D,A,A,B,C
red
E,B,G,B,E,E,F,F,E,B,D
red
F,C,G,B,C,A,B,D
yellow
F,B,D,E,B,C,B,G,C,A,F,A,F,D,C,B,E,G,G,F,B,B,A,E
yellow
D,B,B,G,A,F,A,B,C,D,A,B,F,F,B,F,D,D,G,E,A
red
G,B,E,E,A,C,D,D,E,A,G,A,G,C,D,E,D,D,C,E,A,C,A,B
yellow
B,D,D,B,G,D,F,F,F,D,G,D,E,A,C,A,G,B,F,C,D,F,G
red
F,E,E,G,A,F,B,B,G,E,D,G,A,G,C
red
B,C,F,E,G,C,F,D,D,E,D,G,D,B,D
red
A,A,A,E,D,B,G,G,F,E,D,C,G,F,D,B,C,F,B,C,A
red
D,A,C,G,F,D,E
red
G,F,A,F,E,C,E,F,F,F,A,E,G,C,D,G,F,B,B,G,G,G,D,C,A,B,A
red
F,D,B,D,A,G,B,B,D,A,F,D,E,D,C,B,A,A,B,E,D,G,A,B,C,F,E,C,E
red
F,B,A,E,D,C,E,A,G,A,B,B,A,D,D,E,E,A,G,E,D,B,C,B,C
red
A,G,C,E,A,F,A,C,F,B,E,E,D,A,D,G,E,A,G,E,E,G,D,A,G,F,G,D,C,B,C,D,F,D,B
red
C,C,F,B,G,E,D,A,G,F,B,A,F,F,F,F,A,B,A,A,B,E,B,C,D,D,A,B,C,E
yellow
F,G,A,F,E,C,C,E,E,D,C,G,F,F,C,C,B,D
yellow
G,B,B,A,B,C,F,C,B,C,A,F,F,B,F,C
yellow
B,A,G,D,C,D,F,G,C,B,C,B,B,A,B,B,E,D,D,D,D,G,E,G,E,E,C
red
E,B,C,D,B,A,B,B,C,A,F,B,G,E,G,E,E,G,E,F,C,D,F,C,B,F,F,G,C,E,F,G
yellow
A,C,C,D,D,D,B,G,C,A,D,E,A,F
yellow
G,G,E,D,F,F,B,A,A,F,D,A,G,E,G,E,F,B,B,G,B,F,C,D,E,E,B,E,D
red
C,A,G,A,G,G,G,B,F,E,A,F,D,B,F,A,A,G,F,C,C,B,C,E,E,B
yellow
F,D,A,C,E,C,E,F,C,E,G,E,F,C,A,G,E,D,D,B,G,B,F,G,A,E,B
red
E,F,F,C,F,D,F,C,F
red
A,A,F,B,D,E,D,F,D,C,F,E,E,A,A,G,F,F,G,D,E,F,G
red
B,F,G,E,E,A,C,G,A,G,G,C,F,B,F,E,E,D,A,G,G,A,A,D,E,B
yellow
G,A,E,A,F,E,G,A,E,F,B,A
yellow
B,G,A,F,B,C,E,E,E,G,E,D,F,G,E,G
yellow
C,A,B,F,G,G,F,A,G,F,D,A,E
red
E,B,C,F,E,F,A,G,G,E,C,F,D,C,C,D,A,A,C,C,B,G,E,B,A,F
yellow
D,F,B,B,C,F,F,G,A
red
D,G,G,B,A,B,G,E,C,C,D,A,E,G,G,A,B,E,D,F,G,C,E,B,C,B,E,E,D
red
B,C,B,C,B,B,A,C,F,E,E,F,F,G,E,C
yellow
C,A,A,B,B,A,A,C,G,D,C,E,B,D,A,F,G,C,D,D,B,D,B
red
G,A,F,D,G,B,A,G,E,B,B,E,A,F,A,F,C,F,F,A,A,C,C,C,C,F,C,B,E,D
yellow
D,F,F,E,B,A,G,C,G,E,G,C,F,F,A,C,C,E,F,C,A,D
yellow
B,D,C,C,G,B,A,G,E,A,F,B,F,B,E,F,A,A
yellow
B,E,C,D,E,A,A,B,A,A,A,F,D,E,D,B,A,C
yellow
D,G,F,B,D,C,E,C,D,C,F,E,F,C
yellow
B,G,C,C,E,B,A,D,C,C,G,D,F,G,C,B,A,B,G,E
yellow
G,F,B,D,G,E,E,E,B,C
yellow
D,F,C,F,D,E,F,F,F,F,A,C,E,D,G,E,A,C,E,A,B
red
D,A,A,G,E,A,G,C,A,B,A,G,E,C,A,B,B,G,E,B,C,B,F,B,F,D,C,C,F,D,G,C,F
red
C,B,B,G,C,E,D,F,F,F,C,F,C
red
D,C,F,B,C,G,D,A,B,E,D,E,D
red
C,D,B,B,D,D,D,A,G,E,F,F,F,G,A,A,E,C,G,C,E,C,A,A,A,B
yellow
F,D,B,G,A,E,G,E,G,B,A,C,C,D,E,C,B,B
yellow
C,A,A,C,D,G,C,F,F,B,G,C,B,C,D,A,A,B,G,A,E,C,B
red
D,A,C,G,C,G,D,D,C,B,A,D,G,C,B
red
D,E,B,E,A,F,D,B,A,F,E,B,E,C,C,A,D
red
B,C,F,B,D,C,A,E,C,C,B,F,G,B,B,A,C,E,C,B,G,D
yellow
D,F,E,C,F,A,A,B,C,C,C,F,E,A,B,D,C,E,A,A,F,E,B
red
E,A,B,A,B,C,A,A,E,C,A,F,D,E,B,F,E,A,G,C,D,E,E,B,B,G,B,F,D,G,F,C
yellow
F,D,G,G,F,G,B,C,C,F,G,E,B,F,B,E,D,D,B
red
D,E,G,F,F,E,G,G,D,A,G,B,B,A,G,G,B,D,B,B,F,D,F,F,E
red
G,E,D,D,C,A,E,F,D,B,F,E,A,B,B,G,E,B,E,C,G,C
yellow
A,B,A,A,G,A,G,C,A,D,A,D,B,D,E,B,E,B,F,G,E,C
yellow
E,C,D,E,A,G,G,G,C,E,E,D,E,A,A,G,G,D,A,C,G,E,F,A,C,C,B,F,C,D
yellow
B,G,B,D,A,G,B,B,B,E,E,G,F,C,C,D,A,F,F,E,C,E,E,G
yellow
C,B,E,F,A,F,D,A,F,F,D,D,D,E,B,A,F,F,A,D,G,C,E,G,D,E
yellow
F,D,B,A,G,G,F,C,C,E,B,D,G,A,E,B,A,E,F,B,E,B,F
red
F,B,B,C,B,G,C,D,F,E
yellow
D,B,E,F,D,D,D,F,C,F,C,C,G,F
yellow
G,G,G,D,F,F,E,B,E,C,G,D,B,F,C,A
yellow
E,A,F,G,F,D,G,E,B,C,F,B,C,A,C,D,D,F,E
red
D,D,E,C,G,E,G,F,C,G,B,B,G,F,B,C,G,E,D,A,G,D
yellow
G,D,C,C,D,C,F,E,E,G,A,A,F,A,B,C,G,A,F,F,G,A
yellow
E,C,F,D,F,D,F,A,D,C,A,C,D,A,A,A,E,F,D,B
yellow
A,G,C,E,F,E,E,G,D,G,A,F,A,A,B
red
D,E,D,C,B,F,E,E,D,D,B,C,B,E,C,C,G,C,A,D,C,E,E,G,G,D,F,F
yellow
C,G,B,B,A,A,G,D,C,G,F,C,E,F,G,A,C,F,B,B,G,G,B,F,E,E,B,A,F,C,C,D,F,A
yellow
D,C,G,F,D,B,D,F,E,G,C,C,D
red
D,B,E,E,A,E,B,C,B,F,B,D,G,B,F,D,F,E,G,C
yellow
E,E,B,G,F,E,B,C,E,D,C,G,B,A,D,B,E,F,G,D,A
red
D,F,F,A,E,E,G,B,F,F,A,A,G,A,E,G,E,C,E,B,E
red
F,G,G,G,B,G,C,B,D,E,A
red
B,B,G,B,D,F,C,D,B,B,E
red
B,G,C,B,G,D,C,G,C,E,A,E,B,G,G,D,E,C,G,F
yellow
E,C,B,B,D,C,D,D,A,D,C,B,D,B,G,G,C,C,C,E,G,A,G,F,B,B,A,G,E,E,G,F,D,E,A,E,F,F,A,F
yellow
A,E,A,C,C,D,G,E,G,E,F,A,C,F,C,C,C,B
yellow
F,D,G,C,G,D,C,D,G,A,D,B
yellow
A,F,D,A,B,D,A,G,E,C,F,D,G,B,G,D,C,C,G,B,B,E,G
red
B,A,A,F,C,B,G,B,G,B,A,C,B,F,C,D,B,A
yellow
D,A,A,B,G,E,G,D,D,F,B,B,C,B,D,G,C,D,F,E,E
red
B,F,C,A,B,B,B,C,F,D,G,G,B,C,G,D,C,E,G,E,E,A,C,B,C,D,F,F,G,D
yellow
F,D,E,E,E,F,E,F,C,D,D,E,D,D,G,A,B,E,G,G,C
red
F,G,D,D,F,C,B,C,E,E,E,B
yellow
A,E,A,B,G,B,A,C,F,A,C,G,G,E,G,B,C,D
yellow
F,F,B,F,F,G,F,E,B,B,F,D,G,G,B,E,G,B,G,A,E,A,A,D,A,E,E,A,D,E,B,D,C,C
yellow
F,A,D,F,E,G,F,D,E,G,D,B,C
red
E,B,B,E,C,E,G,E,B,E
yellow
F,E,F,E,A,A,G,F,F,B,C,A,F,C,D,G,B,D,G,E,E,E,A,E,C,A,F,C,G,A,B,C,B,B,B,G,D,C,G
red
A,A,C,G,F,A,F,C,A,E,G,A,C,D,G,D,G,G,B,C,G,E,D,C,F,A,F
red
C,E,G,A,E,G,D,A,B,E,E,E,G,B,G,F,C,A,E,C,D,G,B,D,A
red
D,C,A,C,G,G,G,F,A,F,D,A,F,D,F,E,A,A,G,E,A,D,C,F,D,F,D,E,E,E,G,C
yellow
C,C,D,E,C,E,B,D,E,D,A
red
A,B,D,B,F,C,B,A,E,C,E,G,A,F,E,A,E
red
F,A,A,B,A,G,D,F,A,E,F,F,G,D,F,G,C,A,C,G,B,E,B
red
A,A,G,F,B,A,E,F,F,B,G,B,D,E,C
red
G,B,E,D,E,B,G,A,B,D,F,E,E,C
yellow
C,D,C,B,A,C,C,A,G,F,D,E,A,E,D,D,G,E,F,F,D,F,A,A,D,B,B,B,C,B,B,A,E,G,C,E
yellow
F,E,B,D,C,F,F,D,C,D,B,E,E,G,F,G
yellow
B,F,B,D,B,E,A,A,C,G
yellow
G,C,D,C,D,C,F,E,G,F,B,D,F,A,D,B,D,A,G,E,D,F,A,E,A,C
yellow
F,F,C,E,A,G,E,E,C,D,D,E,A,B,B
red
F,C,B,C,B,D,A,F,A,A,D,B,E,A
yellow
F,G,B,A,B,G,B,A,B
red
G,D,C,F,D,C,B,A,B,B,F,D,A,F,B,G,E,F,E,B,F,E,E,G
yellow
C,A,D,C,A,B,F,G,G,B,A,C,D,C,E
red
G,D,C,E,A,D,C,E,B,B,C,A,D,B,G,C,D,D
yellow
E,D,B,D,C,D,E,G,B,A,F,D
yellow
D,B,D,E,B,A,A,B,G,G,F,D,B,C,E,B,C
red
F,E,C,D,A,C,B,G,C,D,F,G,D,D,E,D,B,F,G,C,C,C,A,E,D,B,F,G,G,B,B,G,F,A,B,F,E,E,A,A,E,A
draw
D,B,C,G,C,E,C,B,G,G,D,D,A,B,C
red
G,E,E,C,B,E,G,D,E,B,F,D,B,D,C,A,A,E,F,A,B,F,D,G
yellow
B,D,A,B,E,A,E,E,C,C,A,E,G,C,C,B,E,B,G,B
yellow
D,D,D,B,A,A,B,E,F,E,C,D,A,B,E,A,F,G,C,B,D,G,G,A,A,D,B,F,E,F,B,C
yellow
C,F,F,D,G,C,A,E,G,F,E,G,C,A,D
red
F,G,F,C,C,C,C,C,E,D,D,F,C,D,B,D,E
red
B,B,A,B,C,B,G,B
yellow
D,C,D,C,E,G,D,G,B,B,G,B,B,G,A,C,E,G,B,C
yellow
D,C,D,E,G,E,G,F,B,B,D,G,D
red
E,B,E,B,D,B,E,A,C,D,B,D,F
red
A,D,E,C,G,G,C,C,F,F,E,D,B,A,A,D,D,G,B,F,F,A,B,G,G,E
yellow
A,D,F,C,G,G,B,C,A,D,B,G,C,B,F,F,B,F,E,F,F,B,A,B,G,E,E,A
yellow
D,A,E,C,A,C,D,G,G,A,E,A,A,C,B,E,E,D,D,F,G,G,G,E,A,B,G,B
yellow
B,D,A,F,F,D,B,G,F,D,C,D
yellow
E,A,F,C,D,C,B,C,D,D,E,A,A,F,G
red
G,G,D,B,E,D,D,E,G,C,E,C,B,E,F
red
A,B,G,D,C,F,D,C,C,A,A,A,B,A,E,B
yellow
E,C,B,A,B,D,B,B,G,A,F,D,A,E,D,D,A,F,B,C
yellow
B,C,G,F,E,C,D,F,B,C,E,D,A,B,C,G,D,G,A,B,A,G,D,F,D,F
yellow
A,C,B,F,B,G,B,E,C,G,E,E,F,F,E,G,D,F,F,G
yellow
D,A,E,C,E,E,D,C,G,B,E,G,G,C,C,E,B,C,D,E,A,B,C,G,G,A,A,D,D,G,F
red
B,B,C,E,B,F,G,F,F,G,G,E,D,A,F,C,C,E,B,C,F,G,A,B,C,B,F
red
B,C,E,C,E,G,A,B,D,D,E,C,G,A
yellow
E,B,C,E,G,B,E,A,D,B,B,G,F
red
D,D,C,D,C,E,E,D,A,G,A,D
yellow
F,C,C,E,A,D,E,B
yellow
G,B,D,E,A,A,D,C,F,D,E,A,C,A,D,D,F
red
E,G,C,E,G,D,D,A,A,E,D,B,G,F,B,A,A,G,B,B,C
red
C,F,B,D,B,C,F,C,B,D,E,A,G,F,C,F,C,A,E,E,A,E,G,A,B
red
B,A,A,A,C,F,C,D,B,G,G,C,D
red
A,D,F,B,E,E,G,E,F,F,A,G,E,F,F,G,B,D,E,C
yellow
B,B,F,A,C,G,G,C,A,G,A,F,A,E,F,F,F,F,C,C,B,E,E,B,C,B,C,G,B,E,G,G,A
red
B,E,G,B,B,F,D,B,F,B,G,E,F,G,E,D,D,E,E,C,D
red
C,D,G,F,F,G,D,B,E,E,F,E,D,E,D,G,F,D,A,A,A,C,B,E
yellow
B,B,E,B,G,E,B,B,A,D,F,C,C,D,C,B,E,E,G,E,G,F,D,E,C,G,G,A,D,F
yellow
C,F,A,E,E,A,A,A,F,D,G,G,C,F,B,F,F,D,F,D,G,E,C,D
yellow
D,G,F,G,F,G,E,F,A,D,D,C,G,F,D,G,B,B,B,C,G,C,F,C
yellow
C,E,B,C,D,E,F,C,A
red
A,B,C,A,F,D,A,G,F,G,D,A,B,F,A,A,B,G,E,E,C,E,F,F,F,B,C,B,B,D
yellow
E,E,C,D,G,D,D,D,E,G,F,B,G,C,B,F
yellow
E,E,G,C,G,A,A,F,C,B,A,E,A,C,F,G,A
red
C,D,E,C,B,B,F,G,C,F,D,D,D,C,G,B,C,A,B
red
D,B,A,C,E,E,C,F,G,E,B,C,B,F,F,B,G,B,G,G,E,C,C,A,E,F,C,D
yellow
E,F,B,B,B,D,B,E,G,C,C,A,B,F,F,C,B
red
A,E,F,C,A,E,E,B,A,C,A
red
C,F,F,A,A,D,C,D,C,B,E,F,B,B,B,F,G,C,F,B,A,D,A,B,C,E
yellow
D,D,E,D,G,D,C,E,C,B,E,F,A,C,E,E,D,B
yellow
E,C,E,B,E,B,A,A,D,G,G,G,B,C,B,C,B,G,D,G,F,G
yellow
A,E,E,C,F,F,B,F,C,F,G,A,G,C,B,C,F,D,G,F,G
red
F,G,B,A,A,E,B,B,A,C,C,D,D
red
G,G,B,D,C,G,G,F,C,G,C,D,C
red
A,G,A,D,F,D,C,E,A,G,B,G,D,G
yellow
E,G,E,E,D,E,B,G,F,B,A,B,F,D,G,B,A,A,C
red
B,A,B,G,A,A,G,E,A,G,G,C,B,F,E,D
yellow
C,G,D,E,C,A,B,F,B,G,B,D,G,E,B
red
F,C,B,C,E,B,F,E,F,C,C,G,C,G,B,A,B,A,B,B,G,E,A,F,D,C,F,A,G,A,G,F,E,E,D,E,A,G,D
red
B,A,D,D,E,G,F,E,F,C,B,E,C,A,E,B,A,D,G,F,C,F
yellow
F,E,E,B,B,E,A,B,C,E,D,G,C,E,B,A,D
red
B,B,A,B,D,A,G,E,D,G,B,A,D,G,A,C,D
red
D,A,B,G,E,E,F,D,F,G,E,C,F,A,D,G,F
red
E,E,G,A,G,G,A,G,D,B,F
red
F,E,D,A,G,A,D,G,C,C,C,A,G,F,E,F,G,E,B,A
yellow
A,F,A,C,E,G,F,F,E,G,B,B,B,A,D,G,B,A,A,A,G,E,F,E,D,D
yellow
G,F,A,A,D,D,F,E,E,E,D,A,D,G,G,F,G,B,F,G,C,C,E
red
E,C,E,F,G,A,E,C,G,D,D,B
yellow
G,D,G,E,G,G,B,F,F,E,A,A,A,C
yellow
A,E,F,F,C,C,B,D,G,C,E,A,C,G,D,E,C,G,C,D,G,E,E,A,A,F
yellow
G,B,E,A,E,F,E,A,C,A,G,E,E,G,A,C,C,C,D,B,E,G,G,G,A,D
yellow
F,G,D,A,B,C,E,C,E,E,B,D,E,G,B,A,B
red
A,G,B,E,D,A,C
red
B,G,D,C,A,B,G,B,E,C,G,G,C,E,D,E,C,C,D,D,E,A,E,A,E,D,F,C,F,A,G,G,A,D,F,B
yellow
D,C,B,B,C,F,C,C,C,E,D,F,F,D,C,E
yellow
A,D,E,C,B,D,E,A,G,B,A,F,B,A,F,G,A,E,D,G,G,B,G,G,C,D,A,F,B,C,D,C
yellow
C,E,E,D,G,E,C,G,G,E,B,E,D,C,G,F,C,G,E,F,B
red
F,F,B,E,A,G,B,D,B,F,D,C,G,A,C,D,F,F,A,C,E
red
A,D,C,A,G,A,F,E,A,A,A,G,C,F,D,F,C,D,D,B,E,B,B,C,G,F,E,D,B,B,D,G,E,G,F,F,G,B,C,E,C,E
draw
A,E,A,D,B,B,G,E,E,A,C,C,A,A,G,E,A,B,E,C,F,B,E,D
yellow
B,F,G,F,B,C,G,G,B,E,F,B,B,G,B,F,E,C,F,D
yellow
C,G,B,A,G,E,F,A,F,B,C,D,D,B,C,F,G,B,E
red
E,B,D,D,D,C,G,B,F
red
F,E,G,B,B,G,C,A,B,F,D,F,A,B,F,D,A,A,B,G,F,C,G,E
yellow
F,E,C,B,C,A,G,C,E,D,D,B,E,G,A,A,A,G,B,G,F
red
E,B,B,G,C,C,E,E,A,G,B,B,E,F,A,F,E,G,B,D,G,G,A,B,D,A,C,E,A,F,C,F
yellow
C,B,F,G,A,E,D,D,G,E,C,E,E,B,D,G,E,F,D,F,B,F,E,C,B,C,G,A,G,G,D,A,B,F
yellow
B,G,C,D,G,D,A,E,D,B,G,D,C,C,E,G,B,C,C,B
yellow
A,A,F,A,F,B,D,E,C,A,C,C,G,D,C,E,D,F,G,F,C,G,B,D,E,B,E,F,D,C,A,G,F,B
yellow
D,B,C,A,E,E,D,A,G,D,E,F,E,E,G,A,G,A
yellow
G,F,C,D,F,A,E,C,F,G,C,G,B,G,C,E,D,E,D,F,D,B,F,E,C,F,B,E
yellow
C,D,E,A,G,G,F,D,E,G,C,F,G,G,G,D,D,B,C,E,A,A,D,F
yellow
B,D,A,B,D,G,F,C,G,F,C,E,C,C,E,G,B,E,D,B,E
red
F,G,B,B,E,E,A,F,E,D,G,E,D,A,D,F,F,B,B,A,C
red
A,G,G,D,A,F,C,G,G,G,B,A,C,B,B,F,F,D,A,F,A,E
yellow
A,A,E,D,F,C,A,B,D,B,C,F,C,E,E,F,F,D,D,D,D,B,A,B
yellow
A,A,B,E,F,E,D,B,B,G,A,F,D,A,D,F,G,A,A,E,D
red
F,A,C,F,A,E,F,D,E,D,B,E,E,B,F,A,C,F,G,A,B,A,E,A
yellow
D,A,E,C,B,A,G,C,C,D,B,C,E,C,B,D,D,D,A,A,A,B,F
red
F,G,C,E,C,C,E,G,C,F,F,E,B,C,A,A,D
red
E,G,E,B,D,D,D,G,B,F,C,C,C,F,E,G,B
red
E,A,G,G,D,F,C,A,C,B,B,E,D,F,D,A,D
red
G,E,D,B,D,C,A,C,E,B,F,A,C,E,E,D,E,E,C,D,D,C,C,F
yellow
B,F,D,B,D,E,G,C,E,A,A,E,G,B,B,E,E,C,G,G,G,A,G,B,E,D,C,A,C,C,A
red
F,A,B,A,F,E,D,G,D,C,A,B,A,G,F,A,C,A,D,D,D,F,C,B,B,C,E
red
F,D,F,F,E,B,D,F,G,G,D,E,A,G,F,G
yellow
C,B,A,G,F,C,B,C,B,A,E,B,G,G,A,D,D,A,F,G,A,A,B,F,B,E
yellow
B,D,D,B,D,D,A,B,F,G,B,A,G,A,B,E,E,F,G,C,G,E
yellow
D,F,B,F,E,B,D,D,F,C,F,A,D,G,C,A,F,E,C,C
yellow
F,D,A,B,G,G,E,A,A,B,A,C,C,D,D,A,D,B,F,A,F,F,G,B
yellow
D,G,F,B,G,G,F,B,E,A,D,G,G,G,B,C,A,F,E
red
E,B,E,F,E,C,D,D,F,C,C,E,F,C,E,F,D
red
E,D,B,D,D,C,F,E,B,E,C,E,D,C,F,E
yellow
E,D,D,E,E,F,A,E,B,C,A,A,G,D,D,E,B,G,A,D,E,F,F,G,G,F,A,A,D,G,F,C,G,F,B,B,C
red
A,G,G,D,C,C,E,F,A,F,B,A,C,F,G,E,A,C,G,A,G
red
F,A,B,A,G,G,B,F,C,E,D,F,C,D,D,F,B,C,E,D,B
red
F,D,E,B,A,E,C,C,C,C,A,E,C,E,A,C,G,G,A
red
F,G,F,E,D,A,C,E,B,F,G,G,F,D,C,B,F,E,F,A,G,G,G,A,B,D
yellow
E,G,C,B,D,F,F,D,B,D,C,G,C,E,G,E,E,D,D,A,F,C
yellow
B,F,A,F,E,B,E,A,B,C,A,C,E,C,E
red
E,C,G,E,D,D,D,C,B,C,C,F,A,F
yellow
D,E,D,B,A,B,E,F,E,F,D,G,F,G,C,A,E,A,D
red
A,B,G,B,B,G,E,D,G,D,F,E,F,C,A,D,D,G,E
red
D,E,G,A,B,D,C,A,A,A,D,D,E,G,B,D,F,B,G,F,D,G,G,F,E,B,A,F,G,E
yellow
C,B,E,A,F,G,A,E,E,A,D
red
D,F,A,C,B,C,C,G,A,B,A,A,G,B,C,C,B,B,B,A,C,G,D,A,D,E,G,D,D,E,G,D,F,F,E,G,E,F,E,E,F
red
D,F,D,D,A,C,D,G,B,F,B,G,E,C,C
red
C,F,G,B,G,D,D,D,B,D,D,D,A,E,C,B,E
red
B,C,B,C,A,G,A,D,G,G,C,A,F,F,E,C,D,G,C,E,A,B,E,B,E,A,G,G,E,A,C,F
yellow
C,D,E,C,E,G,C,C,D,C,C,D,E,F,E
red
A,C,D,F,E,D,E,C,A,F,E,E,E,E,A,D,D,A,C,F,G,C,C,D,D,A,C,G
yellow
C,D,D,D,B,F,F,E,A,C,B,D,A,F,F,G
yellow
F,B,A,B,E,B,A,F,D,F,A,B
yellow
F,A,F,C,C,C,G,C,F,B,G,F,B,F,C,D
yellow
D,B,B,C,G,D,F,F,B,B,C,F,C,G,F,F,D,A,B,A,A
red
B,B,B,C,G,D,A,E,C,C,F,F,E,D,A,A,D,B
yellow
D,F,B,A,B,D,D,C,F,A,D,F,F,D,B,C,A,C,C,B,A,B,A,E
yellow
D,E,E,E,G,A,E,C,G,F,G,A,C,C,B,G,A,E,D,C,G,E,B
red
B,C,G,B,E,C,F,E,F,B,F,C,A,E,A,D,F
red
F,B,B,A,F,A,D,D,F,B,B,F,G,A,D,E,D,C,A,G,C,E,E
red
D,G,B,D,F,F,G,G,A,G,E,F,D,B,D,A,E,F,A,C,A,D,E,D,A,B,C,E,A
red
G,G,E,E,C,C,F,C,G,C,G,F,G,A,E,D,D,G,A,B,C,B,A,C,B,E,A,E,E,A,B,A,B,D
yellow
G,G,E,B,B,G,E,D,F,F,G,D,C,D,D,G,D,G,D,A,A,C,B,F,F,E
yellow
C,G,E,G,A,A,D,C,F
red
C,D,C,E,B,G,B,A,B,B,F,B,D,E,G,F,F,G,A
red
B,D,D,D,C,G,G,G,A,D,D,F,F,A,C,F,F,F,C,F,C
red
D,F,E,B,B,B,G,E,C,B,D,C,D,E,B,F,D
red
C,D,D,A,D,D,A,E,G,E,A,B,E,E,F,G,A,F,D,G,C,C,G,B
yellow
G,C,B,F,G,G,B,G,C,E,D,A,E,C,A,A,C,G,D
red
B,B,B,B,B,D,F,C,G,E,E,B,D,F,E,G,C,G,A,A,A,F,E,D,E
red
A,B,A,G,C,B,E,E,E,E,A,G,F,F,C,A,G,C,F,C,B,D,F,C,C,F,D
red
G,C,C,F,F,B,F,G,C,G,D,F,G,C,B,G,B,E,A,B,D,F,F,G,E
red
E,D,D,G,F,E,E,F,D,E,G,A,C,B,F,F,G
red
C,A,C,A,F,A,A,E,D,B,A,F,F,G,B,C,E,D,E,B,G,D
yellow
B,F,C,E,B,G,A,B,B,G,A,B,G,E,F,D
yellow
C,D,C,F,E,C,D,G,G,C,F,G,A,B,G,B,A,A,C,C,B,E,G,F,D,F,E,G,D
red
E,B,A,B,F,A,C,A,E,A,B,F,E,C,F,F,D
red
A,G,D,C,B,A,A,C,D,F,B,F,B,D,G,G,E,D,C,C,F,E
yellow
D,D,E,B,D,B,D,G,G,F,B,A,C,F,A,D,D,G,B,C,E,C,A,A,F,C,C
red
E,D,G,F,A,A,F,C,D,F,G,F,E
red
B,E,G,A,B,B,G,F,E,A,G,D,G
red
F,E,C,B,G,A,G,A,G,B,D,F,G
red
G,E,B,D,F,A,E,D,F,B,F,E,F
red
B,F,C,D,C,G,A,C,F,F,D,B,C,C,B,D,F,E
yellow
E,A,C,E,G,B,F,A,A,A,A,G,F,E,B,D,C,E,C,C,G,B,B,D,A,D,F,G,C,C,F
red
B,G,C,F,A,C,G,F,B,D,D,D,C,F,E,C,G,E
yellow
A,E,B,C,D,C,F,B,D,E,E,B,D,A,B,B,E,B,F,E,E,C,G,D
yellow
D,B,B,G,D,F,D,C,B,E,F,C,F,C,D
red
A,E,A,B,B,A,F,D,B,E,D,C
yellow
F,A,E,G,D,B,D,E,G,D,G,F,B,F,C
red
C,C,F,A,A,E,B,B,F,A,F,G,G,D,F
red
A,E,D,B,F,F,D,E,A,G,C,C,E,D,D,D,B,A,E,E,D,E,G,C,A,G,F,C,C,F,A,G,F,C,F,B
yellow
D,G,F,F,A,A,D,D,F,A,F,G,G,B,D,A,G,E,G,B,G
red
F,G,E,B,A,G,B,E,C,A,A,E,E,E,F,D,E,D,A,F,B,G,A,A,B,D
yellow
G,G,F,C,C,E,F,E,D,C,G,E,G,D,C,G,G,A,D,C,A,E
yellow
G,B,F,G,B,E,E,E,G,B,A,G,E,C,G,C,F,D
yellow
F,G,B,G,B,D,B,B,A,D,D,D,C,E,G,B,F,B,C,D,G,C
yellow
F,C,D,A,E,B,G
red
E,E,C,A,C,C,G,F,C,E,E,E,A,A,G,G,E,B,C,F,C,G,A,F,A,F
yellow
F,F,C,F,D,F,A,C,D,C,G,F
yellow
C,B,A,A,G,A,E,B,D,B,A,E,F
red
G,C,D,D,F,G,C,A,G,A,D,E,C,F,D,D,B,G,E,B,G,B,G,E,C
red
B,E,E,G,F,B,B,B,F,C,F,D,F
red
E,E,G,D,C,E,C,D,B,B,B,E,C,F,A,E
yellow
C,F,B,G,C,G,B,G,D,F,A
red
B,D,E,G,A,A,B,C,G,A,D,G,F,A,G,E,D,B,C,G,F,D,E,G,F,A
yellow
E,E,C,C,E,A,F,B,D
red
B,D,G,D,D,A,E,D,B,D,C,G,C,A,D,C,A,F,A,E,F,G,F,G,G,G,C,A,E,F,A,C,B,C,B
red
A,C,G,D,B,E,E,C,D,E,A,A,G,E,A,C,B,C
yellow
F,G,D,D,D,G,A,F,D,G,A,D,E,F,G,F,E,G,D,F
yellow
F,G,E,D,C,E,D,D,A,A,G,E,C,C,D,D,F,F
yellow
D,D,C,E,A,F,D,D,F,A,A,A,B
red
C,D,F,G,B,C,D,B,A,F,C,C,A,C,D,C,D,A,A,G,G,G,B,B,E,D,B,B,D,G,E,F,E
red
G,E,C,F,D,B,C,E,A,G,G,A,G,B,C,D,E,E,E,F
yellow
C,E,B,A,C,F,B,C,E,A,E,C,F,A,A,G,B,B,E,E,D
red
D,E,F,B,A,E,E,C,C,B,A,D,F,D,C,B,C,D,F,E,E,C,A,A,B,B,A,C,F
red
B,C,D,F,C,G,G,D,G,A,A,B,D,D,F,A,A,B,C,F,C,G,G,E,A,B,B,C,F,A,E
red
C,C,A,B,F,D,C,E,E,F,C,C,D,D,G,B,B,F,E,G,A,E
yellow
E,A,B,C,E,B,C,A,B,D,F,G,F,C,A,B,C,A,A,A,C,F,F,C,D
red
C,F,A,G,C,E,C,B,G,C,D,D,G,A,E,D,A,G,C,C,G,E,D,G,A,B,E,A,B
red
C,G,A,E,D,E,C,B,C,D,C
red
G,A,E,C,F,D,B,C,A,G,C,F,B,A,B,D,E,B,A,G,E,C,A,E,A,D,B,C,C,G,B,E,G,F,D,G,F,E,F,F,D,D
yellow
A,D,E,D,D,F,A,B,C,C,F,F,E,C,B,D,A,G,F,A,C,B
yellow
F,F,F,B,A,G,F,D,C,C,A,F,C,C,E,C,F,B,C,E,G,B,G,A,A,G,D,G,D,G,A,A,B
red
D,G,E,D,D,E,D,A,G,F,G,B,A,D,F,D,F,E,G,E,G
red
F,B,C,C,A,C,C,E,F,D,G,C,D,D,E,D,E,A,D,F,A,E
yellow
G,D,B,D,C,E,C,B,C,G,D,G,A,E,E,F,F,D,C
red
A,D,G,C,F,G,A,A,E,D,E,F,D,C,A,D,C,G,F,G,C
red
F,G,E,C,D,G,C,C,F,B,D,B,E
red
C,G,G,A,G,D,C,D,A,A,G,E,A,F
yellow
F,E,C,G,B,A,B,E,G,B,F,G,A,C,D,D,E,A,C,G,F,F,D
red
A,A,B,G,D,D,C
red
C,A,D,B,A,C,A,D,D,D,F,B,B,E,B,D,C
red
B,D,G,G,A,B,D,B,B,A,B,D,B,C,C,C,F,F,E,G,C,E,A,D,D,A,A,F,G,A,F,D,C
red
B,G,C,A,C,A,B,E,C,F,D,D,D,F,C
red
A,E,C,C,E,A,G,C,C,E,F,G,B,G,E,G,A,C,D
red
A,C,B,D,C,D,G,C,C,C,D,G,A,F,C,F,B,A,F,A,B,A,F,D,B
red
B,C,B,C,A,D,D,D,E,E,F,E,C,C,G,F,B,A,D
red
D,C,F,C,A,D,A,C,C,B,G,E,E,E,B,G,E,D,D,C,G,G,B,F,G,C,F,A,G,F
yellow
B,F,A,F,B,B,B,F,D,D,D,F
yellow
D,F,B,A,G,C,A,E,A,E,F,F,C,A,E,B,G,G,B,A,A,C,E,D,B,F,B,G,E,C,B
red
A,E,E,G,B,D,G,C,C,C,E,B,C,B,A,F
yellow
G,A,D,D,F,G,F,E,A,F,D,E,D,D,G,E,B,F,G,G
yellow
A,C,B,F,G,G,E,C,D,C,D,G,F,C
yellow
F,F,C,D,D,G,C,D,F,C,A,F,B,F,E,A,F,B,B,E,E,G,G,G,E,C,B,D,D,A,C,E
yellow
F,C,E,G,F,D,G,C,A,C,B,G,G,E,E,E,F,E,C,A,A,E,F
red
G,B,F,E,F,F,F,B,D,G,A,C,G,F,D,C,A,D,F,G,C,G,E,D,E,C,A,G,B,B,C,A
yellow
B,C,C,C,B,A,G,G,C,G,F,C,C,D,D,A,D,D,E,D,A,D,F,F,F,A,F,B,E
red
F,E,A,A,D,E,B,B,G,B,F,A,A,D,D,A,E,A,E,F,B,D,E,G,E
red
E,A,G,D,A,C,A,A,D,B
yellow
B,D,C,B,G,C,D,D,F,E,E,F,G,F,B,G,B,B,D,G,F,C,G,G,C,E
yellow
A,B,D,G,D,D,G,E,A,A,G,F,F,E,B,E,B,D,F,B,C,C,E,B,B,D,E,A,C,C
yellow
E,B,G,D,F,G,F,E,A,G,G,E,A,E,C,D,A,E
yellow
A,D,E,D,E,F,F,C,B,F,E,G,E
red
C,F,B,A,D,B,E
red
E,A,G,F,G,A,A,F,E,E,B,E,A,A,C,D,D,A,E,E,G,B,C,C,D,C,D,C,C,G,B,F,D
red
A,A,G,E,D,D,C,B,E,C,D,E,E,E,B,G,C,A,A,D,B,G,B,E,B
red
A,D,G,D,E,F,B,F,G,G,E,C,D,D,D,B,E,B,F,G,E
red
C,A,A,D,G,B,A,D,B,F,B,F,D,C,F,C,G,E,F,C,F,A,G,E
yellow
B,D,E,D,A,E,C,B,G,B,G,F,F,G,G,G,D,F,G,B,A,E,F,B
yellow
C,D,G,G,F,B,F,F,C,D,G,E,D,B,F,B,E,C,F,G,A,F,B,B,G,D,E,A,A,C,D,E,C,G,C,B,D
red
C,C,E,F,C,E,F,E,C,F,A,A,F,E,A,D,D,C,G,F,B,G,B,F,C,D
yellow
C,A,E,C,F,F,C,D,F,D,G,E
yellow
E,E,F,G,A,D,D,G,B,C,D,B,D,B,G,A,E,G,G,A,A,F,E,F
yellow
A,D,E,E,E,D,E,G,G,A,D,G,B,F,D,B,E,A,F,E,D,F,A,G
yellow
F,F,F,E,E,F,E,C,E,G,C,C,D,D,A,E,E,B,G,C,D,C,D,C
yellow
F,G,F,A,D,B,B,B,D,D,E,B,D,F,D,A,F,G,A,E,E,G,C
red
C,C,E,G,D,A,F
red
F,F,A,D,C,A,C,B,D,E,F,C,E,E,A,E,D,G,E,C,A,D
yellow
E,A,B,B,A,C,A,C,D,D,C,B,B,B,A,G,C,C,C,A,F,E
yellow
F,C,D,F,B,C,E,A,B,A,G
red
E,E,G,D,B,G,E,G,G,D,C,E,E,C,G,G,D,A,A,C,A,B
yellow
C,F,G,E,B,E,G,B,D,E,F,A,A,D,D,A,G,A,E,E,E,C
yellow
E,A,E,C,B,C,A,D,F,C,A,A,D,B,F,B
yellow
A,A,A,F,G,C,G,E,A,D
yellow
E,A,G,B,B,A,D,D,G,D,B,B,D,G,C,C,G,E,E,D,B,B,F
red
F,F,C,C,F,A,D,F,A,D,E
red
E,E,E,G,B,C,D,E,G,F,C,E,A,D,B,E,A,D,F,F,D,B,B,G,F,A,G,B,G,G,C
red
E,C,E,E,D,D,A,B,D,A,G,F,F,B,C,G,A,C,E,A,F,D,B,C,D,G,C,F
yellow
A,G,C,D,G,C,D,C,B,G,G,A,A,F,G,A,B,F,E,B
yellow
D,A,E,D,B,E,D,C,B,B,A,A,E,C,C,F,F,G,F
red
B,D,G,G,E,F,E,A,C,C,E,E,D,D,D,G,G,A,G,G,E,A,A,A,B,A,F
red
G,G,E,G,G,C,A,E,C,A,C,G,B,A,C,E,G,F,F,A,C
red
D,G,B,E,C,C,E,G,A
red
A,E,B,C,A,G,F,A,B,G,D,G,B,F,B
red
G,F,E,B,G,B,F,F,B,B,A,B,E,E,F,B,D,D,G,A,D,C,G
red
D,B,G,B,G,E,G,F,A,A,C,B,E,G,G,G,E,B
yellow
C,E,G,G,G,F,G,C,A,C,G,F,B,C,F,E,F,F,D
red
A,F,C,E,D,E,D,B,C,A,A,E,F,C,A,G,D,F,A,C,A
red
F,G,D,D,B,F,A,G,F,G,B,B,A,G
yellow
G,F,E,B,F,F,B,C,B,A,B,F,A,D
yellow
G,F,E,F,G,A,B,D,G,D,A,C,D,F,B,A,F,G,E,G,B,B,A,F,G,A,B,E,A,E,D,F,D,D,C,E,B,C
yellow
G,D,E,E,C,B,E,D,E,C,A,B
yellow
G,F,B,A,A,F,B,D,D,B,G,C,A,F,A,D,C
red
F,B,F,F,D,B,F,C,D,A,C,F,F,G,E,E,G,D,A,B,A,D,D,C
yellow
E,B,E,C,D,G,B,E,C,A,F,G,G,C,F,A,B,B,B,B,G,A,D
red
F,F,F,E,B,A,D,E,G,C,A,E,C,F,B,E
yellow
B,F,B,C,F,F,D,A,D,D,E,C,D,C,E,B,D,D,A,C
yellow
D,A,C,E,E,C,G,B,D,D,D,E,F,E
yellow
B,B,D,F,E,C,C,C,G,F,D,F,A,C,A,G,A,E,F,A,B,A,B,F,D,B,B,F,E,A,C,C,G,E,E,G,E,D,G
red
B,C,G,E,B,F,G,F,B,E,D,G,E,D,B
red
E,F,B,E,G,C,D,D,D,D,F,C,G,F,F,B
yellow
G,C,G,G,F,F,C,D,D,A,B,C,D,E,G,C,D,E,A,E,B
red
C,C,A,D,A,D,A,E,B,A,A,D,D,F,C,F,B
red
A,F,F,G,F,F,C,G,C,E,C,C,B,F,C,C,B,B,E,G,F,B,A,A,E,A,D
red
G,F,G,D,F,D,C,G,B,C,F,A,C,C,F,A,F
red
E,E,E,G,E,E,D,F,A,D,B,B,D,F,A,B,E,B,B,C,B,D,G,A,F,G,F,D,G,A,A,A,G,D,F,F,G
red
A,C,E,A,G,D,B,A,C,B,E,G,F,D,E,D,A,A,E
red
E,B,B,G,D,G,G,G,F,F,E,D,C
red
F,G,C,A,E,F,B,F,G,D,E,D,E,C,D,A,C,E,D,G,D,D,F,E,F,C,C,C,F,E,B,A,A,G,G,B,G,A,A,B,B,B
yellow
F,B,D,C,E,G,E,G,C,B,A,F,B,A,C,B,A,E,E,A,G,F,C,F,C
red
E,F,C,A,C,C,G,E,E,D,D,E,A,B,E,C,F,E,C,A,B
red
B,G,F,F,A,F,F,D,D,G,G,D,E,D,B,F,B,C,F,E,E,E,G,E,B
red
E,A,E,G,D,F,G,B,F,B,A,G,E,B,C,F,C,E,D
red
E,B,E,B,D,C,A,C,F,C,F,A,E,G,B,G,F,D
yellow
C,F,C,B,C,E,C
red
D,C,F,E,C,A,A,A,D,D,D,D,F,B,D,E,E,A,E,A,C,G,A,G,C,F,F
red
E,A,C,C,C,E,G,E,E,C,B,A,G,B,E,B,A,A,B,F,B,A,A,B,D
red
C,B,E,F,G,A,C,A,C,A,D,B,C
red
F,C,C,F,D,A,G,F,B,B,D,G,B,E,D,C,E,D
yellow
E,G,A,E,A,F,E,B,A,B,G,C,B,E,B,C,E,D,F,C,G,B,C,B,G,A,E,F,C,D
yellow
B,E,C,D,C,D,B,D,C,A,D,B,G,A,F,B,F,D,G,D,E,B,A,E,B,A,E,A,G,A,F,F,G
red
B,F,A,B,B,G,A,C,B,A,A,B,D,B,C
red
G,F,E,E,F,G,A,B,G,G,C,D,G,G,A,F
yellow
D,D,C,G,E,G,F
red
C,D,F,G,A,B,E,C,B,F,C,A,F,B,C,B,B,B,D,E,E,D,C,A,C
red
F,E,A,C,E,B,E,G,G,A,E,D
yellow
F,B,B,A,F,D,G,G,A,D,D,F,B,C
yellow
F,D,B,G,A,C,E,G,G,E,D,D,A,E,A,F,C,E,A
red
B,A,G,F,E,C,G,A,C,F,C,D,D,G,B,G,C,E,F,F,F,G,G,D,E,C,F,B,C,D,E,D,E,E,A,A,A,A,D,B,B,B
draw
C,E,C,D,A,E,B,G,B,E,G,A,B,A,C,G,C
red
F,B,B,E,A,D,F,E,A,G,C,C,A,B,G,B,D,B,A
red
F,G,C,F,F,D,F,G,D,F,C,F,A,G,A,B,A,E,B
red
F,B,E,F,B,D,A,G,F,C,E,G,C,C,F,G,G,F,B,F,D
red
E,F,G,G,A,A,A,F,E,A,C,A,E,E,F,G,C,A,B,B,G,C,F,B,E,E,D
red
F,G,B,D,B,E,B,D,A,A,E,C,A,G,C,F,C,C,D
red
D,E,E,D,G,F,D,C,F,E,D,A,B,A,E,B,E,E,G,A,C
red
B,G,A,A,F,D,F,A,B,A,B,C,F,B,G,E,F
red
F,C,F,E,B,E,C,E,E,E,G,D,C,F,E,F,B,D
yellow
A,G,B,D,D,D,D,B,C,A,C,F,A,D,E,F,D,A,C,A,F,E,G,C
yellow
D,D,B,F,D,D,C,E,A
red
E,B,C,E,D,G,E,F,D,A,C,B,E,C,A,C,F,A,G,A,D,G,A,A,E,E,G,D
yellow
G,A,E,A,F,G,E,A,B,B,G,E,G,B,G,D,F,B,G
red
G,C,C,E,D,E,D,C,A,B,G,A,D,E,G,C,B,G,E,F,D
red
G,E,E,G,D,G,D,B,C,A,F,D,D,F,F,C,C,A,G
red
G,B,A,B,F,C,A,A,D,A,C,E,C,B,G,F,G,C,A,G,D,D,A,E,C,B
yellow
D,C,G,E,E,C,F,C,F,G,A,B,F,A,D,F,D,C
yellow
F,D,E,E,C,D,A,F,G,E,C,A,B,A,G,C,A,G,B,F,D,F,F,D,C,F,D,E,E,E,B,C
yellow
C,D,C,B,D,D,A,C,F,B,D,B,B,F,A,E,C,C,F,C,G,E,F,B,A,A,G,D,F,F,A,E
yellow
C,E,B,G,C,A,C,B,E,C,E,E,D,G,A,G,G,C,B,A,G,D,D
red
D,E,D,A,E,D,A,C,E,F,F,C,F,G,C,F,E,B,G
red
E,B,E,A,C,A,G,E,D,C,G,E,A,E,B,E
yellow
A,G,E,A,C,F,F,B,B,G,E,E,G,D,B,E,B,G,F,A,E,B,C,F,D
red
E,B,C,A,G,C,G,B,G,D,A,E,G
red
A,F,D,A,G,C,G,A,G,D,E,G,F,G,D,B,B,B,B,A,D,A
yellow
E,B,A,D,E,C,C,G,B,G,A,F,B,D,C,F,B,A,E,C,F,A,A,E,G,D,C,E,B
red
D,A,C,C,D,G,A,E,G,C,B,F,A,F,D,B,A,E,B,E,F,D
yellow
C,A,A,B,B,D,F,D,A,D,A,F,F,G,C,D
yellow
B,C,D,G,A,C,F,B,D,D,C,A,A,F,A,E,F,F,C,D,B,F,G,E,F,C,C,B,D,B,B,E
yellow
C,C,D,C,G,E,D,C,E,E,D,F,B,D,D,D,E,G,F,F,C,F,A
red
F,A,G,B,B,B,D,B,C,D,F,F,F,E,C,C
yellow
C,E,B,C,D,B,F,C,A
red
F,G,B,G,B,D,D,E,E,D,F,G,D,G
yellow
A,A,E,C,C,C,A,D,B,C,A,C,G,F,A,B,E,G,E,C
yellow
C,F,C,B,C,A,A,E,C
red
B,F,C,E,F,E,G,E,B,D,A,B,G,E
yellow
D,F,A,E,F,G,F,B,C,B,D,D,A,B,G,B
yellow
F,A,F,G,C,B,B,C,D,C,F,E,A,F,G,D,B,A,E,G,B,F,G
red
F,G,D,G,F,A,D,C,B,A,F,C,G,C,C,C,A,D,E,B,C,A,B,B,F
red
B,C,B,G,C,A,C,D,B,A,G,G,D,E,B
red
A,C,C,D,E,F,C,E,C,B,C
red
G,C,F,F,A,A,E,F,F,A,F,F,E,D,G,G,B,D,A,C,D,D,C,E,G,G,D,C,B,C
yellow
G,F,F,E,G,A,C,G,B,G,C,C,G,F,C,A,D,G,B,E,B,D,C,D,C,A,A
red
F,B,E,G,E,G,F,G,C,G
yellow
E,C,C,B,G,A,B,D
yellow
F,A,C,G,F,A,D,A,G,F,G,A
yellow
B,F,D,E,F,F,F,F,D,E,E,D,G,G,F,D,D,E,E,E,A,B,D,A,G
red
A,D,G,F,F,D,C,E,G,G,E,E,D,D,E,A,E,F,C,F,C,A,B
red
D,F,B,F,F,F,B,D,A,C,E,B,A,B,F,A,C,E,C,D,D
red
D,A,G,E,D,D,F,F,A,A,B,C,C,A,A,C,E,A,G,D,B
red
B,G,F,E,E,B,C,A,C,F,C,E,C
red
E,G,C,E,E,A,D,C,D,F,E,B,G,F,D,F,B,B,B,E,D
red
A,G,E,B,B,D,B,D,F,D,F,D
yellow
G,E,B,B,F,G,E,C,C,G,A,F,B,D,G,B,G,E,D,B,G,D,A,A,E,F
yellow
E,F,C,C,F,E,F,A,E,A,E,A,G,D,A,A,D,G,F
red
D,G,F,G,E,A,D,C,A,A,C,G,C,G
yellow
E,B,D,D,D,G,G,G,E,A,G,C,B,C,G,B,A,A,D,C,F,C
yellow
B,G,B,E,D,D,F,A,C,G,E,B,D,B,G,B,G,D,A,D,F,G,F
red
G,A,G,F,G,E,A,F,F,F,D,A,F,F,C,C,G
red
C,F,C,B,A,D,D,A,D,E,A,G
yellow
B,D,E,A,G,A,C,B,A,F,G,G,C,G,F,C,B,E,C,F
yellow
F,G,B,D,D,F,G,F,E,F,B,B,D,C,F,F,C,B,G,C,C,A,D,C,C,A,G,B,A,G,G,B
yellow
C,G,C,G,E,E,D,C,E,F,A,A,F,D,A,D,F,D,G,G,E,E,C,B,D,F,B,B,D,A,C,B,C
red
C,D,A,G,B,D,A,A,A,D,D,E,E,D,G,C,B,E,D,E,C
red
D,G,E,G,F,G,E,F,A,C,E,G
yellow
G,B,F,C,F,A,B,C,C,E,A,D
yellow
G,C,D,A,A,D,B,B,E,E,F
red
D,G,F,G,E,A,F,A,G,G,B,B,C
red
A,F,D,A,C,F,D,G,G,F,G,G,B
red
C,D,E,A,E,A,E,C,B,G,A,E,F,G,B,G,C,G
yellow
C,D,C,D,F,E,G,A,G,A,G,A,E,C,G
red
F,E,G,B,E,C,F,E,G,F,A,F,E,A,B,C,F,C,B,D
yellow
G,C,A,F,D,A,F,E,B,A,C,C,B,C,D,D,F,G,C,E
yellow
D,A,G,A,G,D,A,A,C,D,A,F,F,E,G,D,F,A,G
red
A,B,B,E,F,F,G,G,B,G,B,D,A,C
yellow
B,B,D,F,A,B,G,D,B,E,G,G,C
red
D,D,C,B,E,A,E,F,E,E,A,G,F,C,C,F,G,B,C,G,A,B,D,B
yellow
D,A,F,E,E,G,A,E,G,D,E,B,G,B,D,G,G,C,B,G,D,C,D,A,F,C,B,A,F
red
E,B,B,F,F,C,E,D,E,C,C,B,B,E,E,A
yellow
B,A,B,E,B,G,E,C,E,A,F,C,F,E,D,A,G,E,C,G,C,D,B
red
E,C,B,F,E,G,D,D,D,B,B,D,E,E,C,E,C
red
B,B,G,G,G,E,G,D,A,B,B,B,E,F,D,B,D,A,C,G,E,D,C,F,E
red
G,G,B,D,E,A,B,A,D,D,D,B,A,A,E,A,C,F,D,E,D,F,A,G,F,E,C
red
C,F,A,B,C,F,F,F,G,D,C,F,E,F,B,C,D,A,A,G,D,B,A,E,G,E,G,B,B,A,E,D,A,E,C,B,G,E,C,G,D
red
E,C,B,A,A,G,C,A,F,E,D,E,C,A,B,C,F,B,C,B,G,F,C,E,D
red
A,F,A,C,F,C,E,F,F,C,A,A,G,A,F,E,F,A,C,C,D,E,D,C,E,G,E,B,E,B,D,D,D,D,B
red
E,F,G,G,A,G,B,D,G,C,D,C,E,F,F,F,G,D,F,E,A,E,B,D,C,F,B,G,C,C
yellow
F,B,C,E,G,E,C,C,G,D,F,E,D,G,E,A,F,D,A,F,D,E,B
red
E,F,B,A,F,D,E,C,E,B,G,A,C,E,C,E,D
red
D,A,E,D,C,C,D,D,B
red
C,A,E,C,D,A,G,G,E,C,A,A,C,G,F
red
B,C,B,G,G,G,A,D,D,D,E,B,A,C,F,B,E,D,D,G,C,F,D,E
yellow
D,B,G,C,A,C,E,F,C,D,F,A,D,C,B,D,E,A,A,D,G,D,B,E,E,G,E,G,F,E,B,F
yellow
E,F,C,A,G,F,A,F,G,A,A,G,B,D,G,F
yellow
E,D,A,A,E,E,E,G,F,E,E,D,C,C,G,F,B,A,A,C,D,D
yellow
B,G,C,F,A,E,G,C,B,D
yellow
E,A,A,F,G,E,A,D,B,F,E,F,D,A,G,G,C,C,B,E,D,E,B,B,D,E,A,A,B,D,D,C,B,G
yellow
B,D,A,G,B,E,A,D,A,G,A
red
D,E,G,E,F,B,A,A,C,E,D,G,F,G,F,D,B,B,D,E
yellow
E,G,D,A,B,C,F,B,G,A,D,F,C,C,E,B,F,F,G,E,A,B,E,G,C,E,B,A,E,B,A,D
yellow
C,B,A,E,G,C,D,F,E,D,G,C,G,A,C,G,F,E,E,G,G,D,B,C,B,D,A,F
yellow
B,A,B,F,D,B,A,G,B,E,F,C,B,B,E,D,D,F,C,A,C,C,C,E,F,F,G,C,E
red
D,B,C,G,G,C,C,A,G,C,G,B,B,A,B,C,A,C,A,D
yellow
B,B,D,C,C,A,D,A,F,E,G,F,B,B,B,B,E,A,E,F,D,C,C
red
G,G,B,B,D,G,F,G,E
red
A,D,B,F,C,D,E,D,E,G,C,G,G,B,B,F,G,C,B,E,A,A,B,D
yellow
D,E,G,E,C,B,F,E,E,C,E,F,F,D
yellow
G,C,G,A,D,E,F,F,E,B,E,D,G,A,A,G,E,D,A,A,C,A,G,E,C,E,F,C,G,B,D,D,C,D,F,C,F,B
yellow
D,E,A,F,A,C,B,G,C,E,F,E,E,A,E,B,C,D,G,F,E,B,F,B,C,G,A,D
yellow
B,E,E,G,B,G,A,C,C,D,F,F,A,G,F,D,D,E,F,C,E
red
F,C,D,B,D,C,E,F,G
red
A,F,C,A,F,A,A,B,E,E,G,G,B,C,G,B,F,A,G,D,E,F,G,G,C,E,C,E,B,B,E,B,A,D,C,F,D
red
F,A,F,C,C,B,B,E,F,C,B,A,F
red
E,B,G,F,E,E,A,F,D,C,B,B,G,C,F,B,F,F,G,D,C,C,A,E,F,D
yellow
D,B,C,B,F,E,D,G,A,A,B,G,D,G,E,G
yellow
B,D,G,E,A,G,B,F,B,B,C,E,A,E,C,F,B,F,D
red
D,D,D,F,F,D,B,A,G,B,C,C,G,G,A,D,F,F,A,C
yellow
F,D,F,E,E,C,F,A,C,B
yellow
G,E,C,F,C,E,G,E,C,B,F,F,E,C,G,B,F,F,E,B,B,B,C,D,G
red
C,G,A,E,A,G,B,G,E,F,F,C,D
red
D,G,D,A,F,B,F,A,C,D,E
red
F,B,F,C,G,G,E,C,A,B,A,G,D
red
B,D,F,C,C,D,C,A,C,A,B,C,C,G,E,A,G,A
yellow
C,A,C,E,B,F,G,D,B,F,F,C,C,C,G,B,B,F,E,D,G,D,D,G,E,B,D,E,B,A,C,G,F,E,D,A
yellow
C,E,E,A,F,F,B,A,B,E,C,E,E,C,B,G,E,C,F,B,D,B,G,F,F,D
yellow
C,C,F,G,E,G,D
red
G,G,G,C,E,E,D,A,G,E,C,B,G,B,D,G,E,C,B,C,A,E,A,C,D,F,C,F,F,E,B,F,B,D
yellow
A,F,D,A,B,G,G,F,F,F,B,A,G,D,F,G,F,D,G,G,A,B,A,D,B,E,C
red
B,B,A,F,F,F,G,B,B,A,C,G,D
red
B,F,C,D,B,B,G,F,G,D,G,E,C,B,F,C
yellow
E,G,D,D,C,B,F
red
D,E,E,G,A,D,B,C,A,B,G,D,C,A,G,B,B,G,D,C
yellow
C,C,C,B,B,F,G,B,F,E,B,C,F,A,F,C,C,D,E,A,F
red
C,F,C,G,D,E,A,B,E,D,B,D,C,A,G,A,B,D,F,A,A,C,C,B
yellow
D,E,G,C,E,A,E,C,F,A,E,E,G,F,C,A,C,E,D,B,A,A,C,A,F,F,B,G,G
red
F,F,E,C,F,A,C,F,D,D,F,F,B,D,G
red
C,C,E,F,A,B,F,F,F,D,D,D,E,A,A,D,E
red
B,G,C,F,G,D,G,B,C,E
yellow
E,F,E,B,G,G,F,G,C,E,A,C,F,E,D,A,C,A,D,F,C,D
yellow
B,G,G,A,G,D,A,F,G,F,C,E
yellow
A,C,A,E,D,F,D,C,F,C,A,B,C,F,F,F,B,C,E,F,E,G,D,C,G
red
B,A,C,C,A,G,A,F,E,A,C,D,C,B,D,C,F,A,B,B,B,D,E,B,F,D,A,D,G
red
C,D,C,B,B,F,F,C,D,F,A,F,A
red
C,A,F,A,D,D,D,A,A,F,B,E,C,D,E,D,C,G,C
red
B,D,D,G,C,C,E,G,A,F,B,D,A,B,D,A,E,B,F,D,E,F,B,A
yellow
D,G,A,A,F,B,D,F,B,G,A,A,B,D,F,D,B,A,C,F,A,F,G,C,G,F,G,D,D,C,E
red
A,E,E,B,F,C,E,F,E,A,B,C,G,D
yellow
B,B,A,F,D,C,E,B,A,C,F,A,F,B,F,E,B,E,D,A,G,A,D,G,B,F,E,F,E,C,G,C
yellow
G,C,G,C,B,F,F,E,C,A,D,C,E,E,D
red
C,A,B,C,D,G,G,G,A,B,E
red
B,G,E,E,E,D,B,F,B,G,G,G,F,B,B,F
yellow
D,F,F,D,E,G,D,G,B,C,E,C,C,A,E,C,C,F,C,D,E
red
E,F,D,E,E,A,F,A,B,A,D,A
yellow
E,F,A,G,B,D,D,A,G,A,B,E,D,E,A,A,D,E,E,E,C,D,F,A,B,C,C
red
F,F,B,F,G,A,F,F,G,D,A,A,F,C,C,D,G,C,G
red
C,F,B,C,D,F,A
red
F,G,D,G,D,B,G,F,D,G,A,C,G,E,G,D,A,A,B,E,A,D,B,E
yellow
B,G,B,F,B,G,F,C,E,F,G,A,B
red
C,C,D,F,E,F,F,B,B,B,D,C,F,E,C,F,B,E,A,A,C,A,D,C,E,B,B,D,D,A,A,D,G,A,G
red
E,C,E,F,F,D,F,C,F,D,E,F,G,E,B,B,B,E,D,C,B,B,G,B,G
red
D,G,D,F,A,E,A,A,E,B,G,B,A,F,F,E,E,C,C,A,G,A,C,D,G
red
D,C,C,A,B,B,A,C,B,D,F,E,C,A,E,G,B,A,E,A,G,C,D
red
A,G,D,E,B,F,D,E,G,D,D,D,F,F,A,F,G,F,E,D,F,A,B,C,G,A,A,A,C
red
C,F,C,B,B,A,C,A,G,D,C
red
F,A,G,D,E,E,A,E,D,G,C,F,B,E,E,D,B,G,C
red
F,C,D,B,B,A,A,B,B,E,F,D,A,B,F,G,G,C,C,B,E,C,D,F,E
red
G,G,A,A,A,A,D,D,D,C,E,F,B,B,A,B,A,E,C,E,C,G,E
red
B,F,A,C,A,C,G,F,B,C,F,C
yellow
G,G,B,C,A,G,F,F,G,B,G,E,C,E,D,G,A,A,A,D
yellow
A,B,E,D,E,G,A,E,C,B,A,A,E,B,D,D,F,A,G,C
yellow
G,A,C,A,C,D,G,F,G,E,E,G,A,A,B,G,F,B,A,D,C,A,F,C,B,F,E,G,C,E,C,D,F,F,E,D
yellow
A,G,G,E,A,G,E,A,F,D,D,F,A,G,C,A,C,E,B,G,A,D,C,D
yellow
B,F,C,A,B,D,E,C,D,E,E,D,C,D,F,B,G,B,D,B,A,G,A,B
yellow
E,C,C,C,A,C,F,G,E,E,A,A,G,G,G,E,A,C,A,A,B,F,E,F,F,E,G,B,B,G,B,F,F,B,C,D,B,D,D,D
yellow
F,C,A,E,D,C,G,D,E,G,D,A,B,B
yellow
B,C,A,F,E,D,E,E,B,F,G,E,C,A,A,B,D
red
A,A,C,G,G,B,E,F,F,C,F,G,C,G,A,D,G,C,C,G,D,D,E
red
E,G,B,D,C,D,C,C,C,C,F,E,D,E,F,A,B,G,D,C,F,G,E
red
D,A,G,G,E,D,D,A,F
red
D,G,F,A,G,D,B,A,F,B,D,C,G,D,E,B,F,A,C,E,C,B,D,F,E
red
E,E,A,G,B,B,C,F,E,F,C,A,E,C,A,B,D
red
E,D,A,F,F,E,D,G,D,F,C,D,F,B,E
red
G,F,G,A,G,B,G
red
C,F,D,G,E,D,F,A,D,A,D,D,G,C,A,D,A,C,A,G,C,E,C,B,G,A,C,F,E
red
E,E,C,D,A,E,B,E,F,F,B,E
yellow
E,B,B,E,G,F,C,D,C,B,A,D,B,F,G,E,A,E,A,A,F,G,F,D,B,C
yellow
E,B,F,C,D,B,G
red
B,A,D,F,A,C,F,C,D,G,E,E,F,B,F,A,G,E,D,G,G,E,E,D,D,A,F
red
F,D,E,F,C,C,F,E,A,E,G,F,F,C,G,B,D,A,C,B,C,A,E,B,D,A
yellow
A,C,A,G,B,G,D,E,D,B,B,G,A,G
yellow
D,A,E,A,F,E,B,G,B,E,C
red
F,E,E,A,F,B,B,B,B,G,C,A,A,B,D,B,A,A,G,E,A,D,G,C,F,E,D,D,G
red
C,G,A,B,B,G,E,B,C,F,F,C,F,C,C,F,B,F,B,E,A,B,E,F,G,D,E,A,D
red
B,A,B,F,C,D,C,G,B,F,B
red
D,B,C,E,G,G,F,B,B,G,B,F,C,G,D,G
yellow
A,C,G,E,C,G,D,G,F,A,B,G,D,E,A,D,F,A,F,G
yellow
B,F,F,F,E,B,C,C,A,D,B,D,A,B,C,E
yellow
B,C,E,C,C,D,E,G,G,G,B,B,F,G,A,B,B,D,G,C,B,D,C,E,E,E,A,C,D
red
D,G,D,C,F,F,B,D,F,D,E,C,G,C,E,D,C,B,D,B,A,F,A,A
yellow
A,B,B,C,B,E,A,A,C,A,G,E,E,E,B,A,E,C,C,D
yellow
F,C,F,F,A,C,B,A,D,D,G,D,F,C,F,E,B,G,C,E,G,B,G,B
yellow
C,F,G,F,C,G,F,E,C,E,B,E,G,A,C
red
F,A,C,G,F,E,D,C,G,A,A,A,A,B,E,D,F,G,C,A,E,C,F
red
F,B,B,F,C,C,F,D,B,B,D,C,F,G,G,D,A,D,E,B,G,D,D,F,C,A,A,E,A,C,C,E
yellow
A,C,A,A,C,F,E,G,G,G,D,C,G,D,E,G,B,C,E,A,D,F,F
red
C,C,C,C,E,C,A,D,G,A,B,F,E,E,B,E,E,F,B,F,A,F
yellow
G,E,A,C,C,B,A,B,B,D
yellow
G,D,F,A,F,C,G,E,A,F,A,B
yellow
D,D,C,A,C,G,A,E,E,E,C,D,B,F,C
red
D,A,F,D,G,F,G,D,D,C,F,C,D,G,D,G,B,F,B,B,B,E,E,F,G,F,G,E
yellow
F,F,C,F,A,G,F,F,F,C,D,G,E
red
E,C,A,F,D,D,C,G,F,E,D,F,F,C,C,A,A,A,G,B,G,C,D,C,B,D,A,F,D,F,B,A,B,E,G,G,E
red
D,G,E,C,D,E,A,G,C,G,A,D,E,E,C,C,B,B,B,F
yellow
B,C,G,E,A,B,F,B,E,D,D,F,C,B,G,D,E,G,G,G,C,B
yellow
B,B,G,B,A,C,F,C,C,D,G,G,G,D,F,A
yellow
B,F,C,E,A,E,E,C,A,A,G,C,F,C,E,F,A,B,G,F,D
red
E,E,G,F,D,A,E,A,F,F,C,G,B
red
B,D,A,E,D,F,G,A,B,D,D,G,F,G,G,D,E,D,G,E,C,E,F,F,G,A,F,F,A,C,A,C,A,E
yellow
D,F,F,B,E,C,F,C,A,G,D,E,A,D,C,G,A,F,G,C
yellow
B,E,C,F,F,D,D,F,G,E,C,D,A,C,B,B,F,G,E
red
B,F,D,A,B,E,F,G,A,E,F,E,A,C,F,B,B,F,G,A,A,A,G,B,F,C,E,E,E,C,B,C
yellow
G,G,A,A,E,F,A,E,C,G,D,C,G,F,C,B,E,A,D,F,A,F
yellow
B,A,E,D,B,F,D,C,A,E,G,C,F,G,E,E,D,C,A,G,C,D,B,D,B
red
B,A,C,F,G,F,E,D,G,A,F,A,D,A
yellow
E,F,D,B,C,C,A,E,E,A,E,D,F,A,C,B
yellow
B,D,B,A,G,B,D,D,G,D,G,A,A,G,A,G,G,A,B,E,E,D,A,B,E,B,C,F,E,C,E
red
F,G,E,G,C,F,G,B,C,B,C,D,A,E,C
red
A,A,C,F,G,G,E,F,G,C,B,G,E,B,F,D,E,B,A,B,C,A
yellow
F,D,C,D,D,D,B,D,D,E,F,E,A,C,A,E,B,C,C,A,A,E
yellow
F,F,G,G,D,G,D,D,D,A,B,E,C,C,A,A,G,D,C,C,B,F,G,D,G,C,F,F,A,F,E,E
yellow
D,D,G,B,C,B,D,G,B,F,D,B,F,A,G,E,D,C,A,F,A,E
yellow
A,D,A,G,A,E,F,E,E,C,B,D,E,D,E,C,C,E,B,B,G,F
yellow
F,B,E,E,E,E,A,E,D,F,E,A,B,F,F,D,C
red
G,D,A,A,A,E,B,D,A,D,B,E,G,F,C,B,E,A,C,E,F,E,E,D
yellow
D,G,F,D,A,A,G,B,C,C,C,A,A,F,D,E,A,D,B,C,A,D,E,B
yellow
D,A,G,B,G,E,B,G,A,F,F,D,G,C,B,C,G,A,A,C,G,F,A,E,F,C
yellow
C,G,F,F,A,F,E,B,B,D,G,B,G,E,B,G
yellow
A,F,G,C,A,D,E,C,B,E,D,F,E,F,F,B,D,A,G,C,D,G,A,E,F,B,E,D,C,G
yellow
B,B,A,B,A,D,F,B,C,C,B,A,B,G,G,A
yellow
C,C,E,B,A,A,C,C,A,E,D,C,B,F,B,E,A,F,F,E,A,F,B,D
yellow
C,C,B,G,F,B,F,D,C,B,C,G,C,G,B,A,D,D,C
red
G,B,A,A,A,D,C,C,E,B,F,E,F,A,E,F,E,C,D,F,E,A,A,F,E
red
D,F,G,B,B,A,G,C,D,G,F,D,G,B,C,C,F,D,D,F,B,F,D,E,G,B,F,C,C,G,B,E
yellow
B,D,C,G,E,C,E,G,A,G,G,D,E,G,F,G,A,D,B,E,B,F,E,A,B
red
E,F,D,G,E,B,F,G,B,G,A,A,E,D,D,G
yellow
D,C,G,A,C,F,D,E,B,B,B,D,D,E,G,E,F,A,F,C,G,G,B,F,G,A,C,F,C,G,F,B,E
red
D,C,F,B,F,C,B,G,E,C,A,G,E,F,C,E,A,C,G,F,G,C,F,F,D,G,B,A,G,A,B,A,A,B,B,D
yellow
C,B,D,C,G,G,D,B,F,B,E
red
C,E,F,F,A,C,E,G,G,G,B,D,D,B,D,A,C,B,G,D,C
red
D,B,C,D,B,D,A,C,F,G,B,E,G,G,G,A,C,A,G,B,E,E,C,B,C,F,D
red
G,G,B,F,B,E,C,B,F,E,F,F,F,E,F,G,C,A,E,B,E,G,G,D,C,B,A,A,E,G,B,C,C,C,A,D,A,D
yellow
G,G,D,B,D,E,F,A,C,E,G,F,B,D,F,E,C,G,G,F,B,G,F,A,A,D,D,B,D,A,E,B,F,E,B,C,A,C
yellow
A,F,G,F,E,B,B,E,A,B,E,F,B,C,D,C,D,E,D,A,D
red
F,C,A,C,D,G,F,B,G,D,D,B,E,C,D,E
yellow
F,B,A,B,F,E,A,E,F,D,G,A,B,E,B,C
yellow
A,C,D,A,C,F,F,A,B,G,C,G,E,F,G,C,E,E,G,F,B,D
yellow
F,E,D,D,C,C,C,D,A,A,C,C,D,F,C,D,G,F,D,A,F,A,F,B,F,A
yellow
A,G,F,G,E,C,B,G,C,C,G,F,D,C,D,F,C,F,F,D,F,C,A,D,D,D,G,A,E,A,B
red
G,A,A,A,A,G,A,B,D,C,G,C,D,G,G,E,G,C,A,C
yellow
C,E,C,A,E,F,B,G,E,B,G,D
yellow
G,G,F,G,F,C,D,B,E
red
C,F,G,A,F,A,D,D,A,A,D,C,E,D,F,A,E,E,D,E,D,B,C,G,B,B,E,E,F,F,F,A,G
red
G,A,B,A,B,E,D,B,G,G,B,B,F,E,E,B,D,D,F,C,A,D,A,E,D,C,G,G,A,E,F,A,D,E,C
red
D,B,B,C,B,A,C,B,E,B,F,B,F,A,A,G,C,G,E,D,A
red
F,A,B,A,F,G,E,B,E,F,C,C,C,C,G,C,C,E,A,D,E,F,F,E,A,G,F,B,G,D
yellow
D,B,E,D,D,D,B,A,C,F,G,D,D,E,B,A,E,F,F,C
yellow
E,B,B,B,E,C,E,D,B,E,B,C,F,G,C,F,E,D,G,F,C,C,G,E,D
red
G,G,A,C,B,F,C,E,E,E,G,C,E,D
yellow
E,F,F,E,B,F,F,B,A,F,E,G,E,B,F,A,B,E,E,C,D,D,A,A,B,B,D,C
yellow
A,A,G,E,G,E,A,B,F,C,E,F,C,E,A,E,E,A,D,G,A,D,D,D,G,D,C,D,F
red
C,A,D,D,F,C,C,F,D,E,B,A,C,G,D,B
yellow
A,D,D,D,F,A,F,F,C,E,C,F,A,F,C,D,D,G,B,B,D,B,B,B,E
red
A,E,G,B,B,B,B,B,C,F,A,D,C,F,C,D,A,C,E,F,A
red
E,B,E,E,E,B,A,C,E,E,C,G,C,B,A,D,C,C,D,B
yellow
A,C,F,B,G,A,B,G,E,F,E,B,B,G,A,G,D
red
A,B,A,E,C,D,D,D,E,C,C,E,B,G,A,C,E,C,A
red
D,A,G,B,D,G,C,C,A,F,C,E,B,A,F,D,A,A,F,B,C,F,D,B,E,C,C,D,F,D
yellow
A,C,F,G,A,B,B,G,F,C,F,G,B,G
yellow
E,A,C,A,C,C,D,G,G,G,G,C,C,B,C,G,D,A,G,E,B,D,D,D,D,E,B,B,B,F
yellow
F,F,A,C,F,D,F,C,G,G,G,E,A,F,G,C,E,G,C,A,F,B
yellow
D,E,D,B,B,C,E,E,D,A,C
red
E,D,B,A,C,D,E,F,E,A,B,D,D,E,F,A,B,B,E,E,C,B,D,G,G,C,B,D,C,C
yellow
A,F,F,D,D,B,C,A,B,E,F,F,F,B,G,E,F,D,G,A,E,C,D
red
E,B,A,A,E,E,G,F,C,A,D,F,F,C,A,B,G,B,G,B
yellow
B,A,G,E,G,F,A,E,B,C,B,A,A,D
yellow
F,E,B,D,D,C,D,E,F,B,B,E,F,D,C,D,E
red
D,G,F,D,F,E,F,C,E,B,F
red
E,G,G,E,A,E,C,B,A,F,G,E,D,F,E,B,A,F,E,G,B,C,C,F
yellow
E,B,E,A,E,E,G,B,C,E,C,C,F,D,E,A,C,G,G,F,D,A,A,C,A,B,A,G,G,F,F
red
C,D,D,G,G,F,G,G,G,F,D,E
yellow
F,G,D,G,A,A,E,D,F,G,D,E,C
red
G,B,A,F,D,G,F,E,G,G,C,D,C,C,C,B,F,F,E,E,A,D,C,F,F,A,B,C,D,G
yellow
D,C,D,C,F,B,G,A,E
red
D,G,E,D,A,A,B,E,B,E,E,F,C
red
D,G,A,C,G,B,C,F,G,C,A,D,E,C,E,F,B,B,C,F,F,G,G,C,A,D,D,A,B,D,B,B,E,D,F,A,E
red
A,B,C,E,G,E,D,E,G,F,A,C,F,D,E,G,C,G,A,G,F,A,D,C,F,B
yellow
A,G,G,F,A,C,E,B,F,C,A,D,E,A,F,A,C,B,D
red
F,D,F,D,G,D,A,D
yellow
E,E,C,B,C,D,A,E,B,C,F,G,G,F,F,C,C,B,D,G,B,B,G,G,A
red
F,B,B,C,B,A,D,E,A,F,G,E,E,D,B,D,B
red
F,A,G,C,F,G,D,A,C,E,E,C,D
red
F,E,A,E,B,B,E,G,A,A,C,C,D
red
G,D,B,E,B,A,A,C,B,F
yellow
F,A,A,C,B,E,C,D,G,D,A,A,E,C,A,C,G,F,F,F,A,B,E,G,G,F,F,E,E,B,G,G,D,C,D,D,E,C
yellow
D,F,G,E,F,F,G,E,F,B,G,D,C,B,C,D,A,G,C,A,G,E,C
red
D,C,A,F,G,D,A,C,C,A,F,D,E,B,B,A,G,B,C,F,E,E,E,A,A,G
yellow
B,D,F,G,F,F,C,D,B,E,F,E,F,F,B,A,D,C,A,B,C,A,G,E,C,C,E,A,C,A,B,A
yellow
D,F,A,A,B,E,D,E,C
red
F,C,E,F,D,C,G
red
G,G,E,B,A,F,G,A,D,B,G,C,F,C,A,B,G,D
yellow
G,D,F,C,A,A,B,D,E,C,A,D,E,E,B,E,G,D
yellow
G,C,E,D,F,G,E,G,G,G,C,C,E,C,C,D,F,G,A,F,D,B,C,B,D
red
C,B,C,F,E,A,G,G,D,F,A,E,F,D
yellow
E,D,B,A,E,E,E,E,D,E,B,A,A,B,F,A,F,B,C,A,B,B,G,D,C
red
F,D,D,A,E,C,C,B
yellow
F,A,C,F,F,E,F,A,D,C,F,D,C,C,C,F,E,A,E,B,E,A
yellow
A,C,E,A,E,G,E,F,D,B,A,D,A,B,D,G,B,A,D,D,F,G,F,C
yellow
E,C,A,D,D,C,G,B,E,F,F,B,F,A,A,A,E,F,G
red
B,C,G,E,C,D,F,D,E,F,C,A,C,E,B,C,C,E,G,B,A,G,D
red
B,B,F,E,G,B,E,B,A,A,A,C,A,G,C,G,D,A,B,C,G,A,E,C,G,E,D,F,C,C,F
red
B,D,G,G,F,A,B,B,E,E,F,A,B,A,B,G,D,E,F,F,B,G,A,D,F,E,C,A,F,E
yellow
G,E,B,G,F,F,C,C,F,G,E,G,F,D,B,A,A,G
yellow
E,B,E,D,F,D,C,B,B,C,D,F,G,A,G,A
yellow
G,B,B,C,C,B,G,A,G,C,B,E,B,G,A,A,E,C,G,G,E,A,B,D
yellow
D,E,D,G,A,F,G,C,C,G,C,F,C,B,D,E,E,A,D
red
C,C,A,A,C,A,E,D,D,D,G,F,C,A,E,G,E,C,B,A
yellow
A,D,A,B,A,G,C,E,C,E,D,B,D,C,A
red
C,B,D,G,B,C,G,C,D,F,G,F,C,D,B,C,C,B,D,F,D,B,G,G,E,G,F,A,B,D,A
red
B,D,A,B,G,A,D,C,E,A,G,G,D,G,G,B,B,A,G,B,D,B,C,F,D
red
B,G,E,B,D,G,F,F,C
red
A,E,C,E,D,E,E,C,C,G,E,D,G,D,D,C,F,D,G,G,B
red
C,B,E,B,A,E,F,B,A,B
yellow
C,D,F,A,C,D,D,D,F,F,A,B,B,B,G,C,C,F,B,A,D,D,B,E,B,A,F,E,A,G,C
red
F,C,B,E,G,C,B,C,E,A,D,F,B,G,A,C
yellow
D,B,B,F,G,C,C,B,D,B,D,G,B,B,D
red
A,A,B,B,F,A,D,E,G,F,A,B,B,F,F,G,G,A,E,D,B,A,F,F,D,G,B,G,C
red
D,A,B,E,G,B,C,D,C,D,D,G,B,D,G,C,A,E,D,B
yellow
D,A,G,G,F,D,F,D,B,A,D,E,C,E,B,E,D,E
yellow
F,E,G,E,E,E,F,D,C,C,B,D,F,G,E,D,B,B,D
red
B,G,B,A,C,B,B,B,A,G,D,D,E
red
C,G,D,G,D,C,D,A,G,E,D
red
A,D,G,A,D,A,B,F,B,B,C,G,A,G,A,E,A,C,F,C,F,B,E,D
yellow
A,A,D,B,B,D,B,A,G,C,E,F,E,B,G,D,B,A,E,D,A,G,D,B,F,C,F,A,E
red
B,A,F,D,G,E,F,E,E,B,C,C,F,E,C,C,A,D
yellow
B,F,D,B,D,B,B,F,B,C,B,D,E,C,F,F,E,G,G,F,C
red
F,F,A,F,C,F,C,D,F,F,D,A,C,C,C,E,A,B,B,E,B,B,A,A,C,D,A,D,B,B,E,G,G,E
yellow
D,D,D,C,B,E,B,A,G,A,C,D,D,F,C,E,G,C,B,F,G,A,B
red
F,A,G,G,C,G,F,A,F,G,E,A,C,B,D
red
B,A,B,G,B,E,C,G,D,G,C,D,F,E,B
red
A,F,A,C,B,B,F,D,D,B,E,G,E,E,B,B,G
red
A,D,E,D,E,B,B,D,A,F,C,C,G,E,G,D
yellow
F,E,D,C,B,E,C,E,B,A,B,E
yellow
B,B,A,F,A,G,C,F,C,F,A,A,G,A,E,D,B,B,D,D,D,G,A,D,F,D,C,E,B,C
yellow
F,D,D,F,C,D,G,E,F,G,E,B,C,B,G,B,F,G,C,F,B,E,A,A,E,F,D,A,D,B,G,D,C
red
G,A,D,C,D,B,D,A,D
red
D,G,F,F,C,C,A,E,F,G,G,D,D,B,E,B,A,D,G
red
C,F,F,D,D,F,D,F,D,C,E,A,C,G,E,B,D
red
E,D,E,G,F,G,F,G,F,G
yellow
E,A,F,F,G,B,D
red
D,C,F,B,C,B,F,G,A,B,E,C,D,B
yellow
B,F,C,C,A,D,A,A,A,D,A,C,A,E,G,E,F,D,C,C,G,C,B,E,G,D
yellow
G,A,F,C,B,A,G,F,A,C,C,B,E,E,G,B,G
red
G,G,B,C,A,F,B,G,E,C,D,A,G,C,G,B,B,D,D,D,D,G,D,F,A,C
yellow
D,B,A,A,G,E,C,C,C,A,G,E,D,F,G,A,A,G,D,B,G,D,B,B,B,C
yellow
E,E,D,B,C,B,A,A,A,C,A,A,B,D
yellow
B,F,F,C,A,C,B,D,A,C,E,B,D,A,B,A
yellow
D,F,C,E,C,D,F,D,E,E,D,D,C,C,A,E,A,G,D,G,C,F
yellow
E,D,C,A,B,D,G,A,B,B,E,C,F,C,G,F,F,B,F,C,G,D,D,F,D,E
yellow
E,A,B,C,B,F,D,B,D,F,C,G,D,A,C,E,D
red
C,D,D,G,B,G,A,G,B,E,G,G,G,B,F,E,E,E,F,C,B,D,A,E,D,A,C
red
B,F,C,B,A,C,C,F,F,D,C,C,E,A,D,F,D,F,G,B,A,C,B
red
E,F,C,G,F,C,A,D,E,F,B,B,E,B,C,F,A,E,F,A,B,E,B,B,F,D,D,E,G,C,C,A
yellow
C,G,A,D,F,G,C,C,C,F,G,A,C,F,G,D,A,B,B,B,B,D,E,A,A,A,B,G,D,F,G,F
yellow
G,E,F,F,D,B,B,G,C,G,A,A,G,F,A,F,F,D,C,D,E,A,D,A,C
red
F,G,D,F,E,C,E,E,D,D,F,A,F,E,F,F,A,E,D,A,E,B,B,C
yellow
D,D,E,F,D,D,A,B,A,G,G,F,C,G,C,F,B,G,G,F
yellow
D,A,E,C,E,B,G,D,C,G,C,B,D,G,E,F,F,E,F
red
D,D,G,A,E,D,D,A,G,E,B,D,A,A,C
red
E,C,G,A,G,F,F,D,C,C,B,E,F,G,D,G,A,E,G,C,B
red
C,E,C,A,A,A,C,C,D,C,G,E,D,B,B
red
G,F,D,B,D,A,G,C,C,E,D,D,D,E,B,E,A
red
D,B,B,A,G,F,E,B,F,F,G,A,F,A,C,D,G,E,G
red
G,G,C,A,F,A,E,C,D
red
E,E,F,B,D,F,C
red
B,A,B,C,C,D,D,F,A
red
D,D,G,E,G,A,E,C,F,A,A,A,D,G,D,F,C,B,G,G,D,G,C,B,D
red
D,A,C,A,D,G,A,C,A,C,C,F,A,C,F,G,A
red
B,G,A,E,B,A,A,D,A,E,G,C,F,D,F,G,A,G,D,A,B,G,B
red
G,E,A,C,G,B,G,A,D,A,G
red
E,A,B,C,F,E,B,F,G,D,G,G,B,C,G,A,B
red
D,B,C,A,C,D,E,C,D,G,G,G,D,C,E,D,E,A,B,G,A,D,G,B
yellow
C,E,D,G,C,B,F,D,E,C,E,A,F,D,C,C,E,C,E
red
G,E,B,B,A,A,A,G,G,D,D,C,A,E,D,F
yellow
F,G,A,C,B,G,D,C,B,B,F,E,B,F,C,E,G,D,C,E,E,F
yellow
C,D,B,E,E,E,F,C,E,B,E,B,E,F,F,B,B,A,A,B,F,A,C,D,C,C,G,D,A,A,D
red
C,D,C,G,B,C,F,E,F,E,A,B,F,G,E,A,D,G,B,F,G,G,B,A,D,F,B,C,F,C,A,E,D,G,C,A,E,A,E,D,B
red
D,G,C,F,D,G,B,C,F,F,E
red
E,D,D,E,D,E,A,A,E,F,A,G,E,F,B,C,G,C,F,E,F,F,C,B,G,G,D,D,F
red
E,B,F,D,B,B,C,C,D,B,B,G,E,A,D,F,G,C,G,E,A,C,E,A,C,C,D,F,B,G,D
red
C,E,D,E,E,C,E,E,G,D,E,B,D,D,C,D,D,A,B,A,C,F,A,A,B
red
E,D,D,A,B,F,D,F,A,B,G,B,F,A,G,G,F,A,F,A,D,E,B,F,G,E,A,G,G,C,D
red
C,C,D,G,C,C,A,E,G,G,E,B,G,G,D,D,D,G,F,B,C,E,D,D,B,B,F
red
G,E,E,C,B,D,G,B,A,G,G,D,E,G,D,F
yellow
A,G,F,B,F,C,A,G,E,G,E,B,D,C,A,E,F,E,B,E,F
red
A,D,C,G,A,B,B,C,C,E,E,A,B,D,B,F
yellow
G,G,E,D,F,G,C,F,E,A,G,G,G,E,F,B,E,A,A,F,B,B,C,C,C,A,D
red
G,E,C,A,D,G,A,D,D,E,C,C,A,E,B,D,B,E
yellow
B,F,D,G,G,D,D,F,F,G,E,C,A,F,G,E,E,B,D,C
yellow
A,F,B,G,C,G,D
red
G,D,B,E,E,C,B,A,E,C,F,B,D,G,D,E,D,D,D,C,E,C
yellow
G,F,A,B,B,B,D,A,C,A,G,E,C,G,D,C,G,E,G,A,E,F,C,F,F
red
A,B,G,D,G,E,G,F,B,D,G
red
B,F,A,C,B,A,F,F,D,G,B,F,E,E,D,C,D,A,G,B,C,A,D
red
E,C,D,D,G,D,D,G,G,D,E,A,A,G,G,A,B,A,E,D,B,C,C,F,E
red
D,C,A,C,B,E,F,G,A,F,C,G,A,C,E,A,E,F,C,A,D,E,D,D,B,B,B,G,G,F
yellow
A,F,B,G,B,E,A,C,A,B,C,E,D,F,A
red
B,E,F,G,D,E,A,G,B,C,C,G,E,A,D,B,D,B,F,G
yellow
F,D,B,E,B,E,F,B,C,F,A,F,B,D,E,B,E,F,D,B,F,C,A,C,G,E,A,D,E,G,G,D,C,A
yellow
G,D,E,D,A,F,B,D,A,C,F,C,E,F,C,E,B,C,E,C,A,A,F,F,F,E,C,G,A,D
yellow
B,B,F,A,E,C,F,A,C,F,F,G,F,G,A,G,A,B,E,B,D,F,E,B
yellow
F,C,E,E,D,D,D,D,C,G,C,E,F,C,F,F
yellow
D,E,F,D,C,A,G,F,B,G,G,A,D,G,B,G,F,D,G,C,C,F,B,B,D,D,C,A,A,B,E
red
B,C,G,D,A,B,D,A,E,E,E,G,E,F,G,F,E,B,E
red
B,F,C,F,D,D,G,F,A
red
C,D,B,G,A,A,A,E,F,D,A,D,G,E,G,D
yellow
A,A,G,G,G,D,E,G,G,B,E,F,F,F,E,G,E
red
C,C,E,G,G,F,B,B,G,C,B,F,D
red
C,B,A,E,F,C,G,A,C,E,D,D,G,B
yellow
A,E,B,D,A,A,F,C,F,B,E,C,C,F,G,E,A,F,A,E,D,D,C,F
yellow
G,D,F,A,B,B,B,B,A,E,D,B,D,A,B,C,G,G,G,C,A,G,E,G,D,F,E,C,E,D,E
red
E,C,E,C,F,C,C,F,E,D,F,C,E
red
E,G,B,A,C,G,G,A,A,A,G,E,A,E,E,D,D,G,D,D,C
red
D,G,F,E,F,G,A,A,E,G,C,A,E,A,G,A
yellow
C,E,B,F,B,G,F,G,B,G,A,F,F,D
yellow
G,A,F,C,F,A,F,F,C,D,C,F,G,A,E,E,A,B
yellow
E,B,D,D,F,D,B,E,B,C,F,C,C,G,E,C,E,G,B,C,F,G,F
red
B,E,D,A,A,G,C,D,D,E,D,A,A,C,A,G,E,D,G,F,C,A,C,E,E,C,B
red
D,F,C,E,F,D,C,E,G,G,E,A,A,F,E,E,C,A,G,E,C
red
G,D,C,C,B,C,C,E,F,F,E,A,F,C,D,F,G,D,E,B,D,A,E,F,G,G,A,E,F,C,E,B,A,G,D
red
E,G,E,B,E,G,E
red
C,F,C,E,C,A,F,C,D,C,B,D,G,F,F,G,D,D,B,F,A,B,E,E,C,A,E
red
D,A,F,A,B,D,G,E,D,E,G,F,F,G,E,B,D,E,F,C,D,A,B,B,A,A,C
red
C,E,G,D,E,G,D,B,C,G,G,C,D,F,B
red
E,G,B,G,G,E,A,D,G,D,F,B,B,F
yellow
G,D,D,A,E,D,G,A,D,G,E,G,G,G,F,B,B,D,A,C
yellow
F,C,F,E,F,A,E,F,F,C,G,D,F,E,G,B
yellow
C,B,G,F,C,G,F,G,A,C,E,G,E,B,E,A,F,B,F,C,G,E,D,E,D
red
A,C,A,E,A,A,D,A,C,B,C,D,A,C,E,D,E,F,B,D,C,D
yellow
A,C,D,B,B,B,A,E,D,E,G,D,D,A,D,C,B,B,A,C
yellow
A,F,A,B,B,D,A,D,C,E,A
red
G,F,F,B,A,C,F,E,G,G,B,A,G,F,G,F,D,D,B,G,C,A,F,C,C,A,A,E,C,C,E,B
yellow
F,B,F,D,B,A,B,B,F,C
yellow
D,C,C,F,A,E,A,E,E,F,F,F,C,B,F,G,G,E,E,D,G,C,C,D
yellow
D,E,E,A,F,G,C,F,C,A,E,B,G,C,C,B,C,D,A,C,A,A,B
red
D,E,A,E,A,F,C,F,A,E,D,G,A
red
E,F,B,B,G,D,G,D,E,F,G,F,E,A,C,C,A,D,F,D
yellow
D,A,G,E,A,A,A,F,G,B,E,G,A,A,G,C,E,F,C,G,D,C,D,G,C,E,B
red
C,E,F,C,A,G,A,F,F,C,G,D,B,D,D,F,B,B,F,A,B,B,G,C,F,D,G,C
yellow
C,A,C,F,A,F,A,B,E,F,A,A,G,B,E,C,C,A,F,D,F,E,D,B,G,B
yellow
A,B,E,E,E,E,E,F,E,F,C,C,B,A,B,G,G,G,B,A,C,F,F,C,G,C,A,D,A,D
yellow
B,G,D,G,B,E,G,A,C,F,G,A,E,B,E,C,A,C,G,B,G
red
B,E,E,D,G,F,E,B,B,A,F,D,C,E,D,A,B,G,F,F,D
red
C,G,F,E,E,B,B,B,C,G,D,D,G,B,F,C
yellow
A,A,B,G,F,C,E,G,B,G,D,G
yellow
E,E,E,F,C,B,C,C,G,E,A,G,A,G,G,E,A,C,D,G,D,G,E,C,B
red
E,D,B,C,G,E,C,B,D,C,G,E,A,A,D,B,E
red
B,C,D,E,E,C,C,A,G,F,F,D,G,F,B,E,B,F
yellow
D,G,C,A,B,B,B,A,E
red
D,B,G,C,F,B,C,G,C,A,G,D,F,B,G,E,A,B
yellow
B,B,B,E,A,F,B,C,E,A,D,C,D,C,D,D,B,G,F,C
yellow
C,F,D,A,C,A,F,F,G,B,G,D,B,D,B,G,B,D,E,G,G,G,A,A,E,E
yellow
B,A,G,F,D,C,C,C,G,A,E,G,E,C,D,F,C,C,E,D,F,E,F,E,E,B,D,F,F,A,G
red
A,B,D,G,A,C,A,F,B,D,C,D,C,A,G,C,F,F,B,D,D,E,C,D,C,F,G,B
yellow
A,F,A,D,D,G,C,D,A,C,D,F,B,F,G,F
yellow
C,D,B,F,E,G,D,D,F,B,A,D,C,B,A,G,B,E,F,D,F,C,D,A
yellow
